No.,Sec.,ALL-L,ALL-R,22-L,22-R,22.5-L,22.5-R,23-L,23-R,23.5-L,23.5-R,24.5-L,24.5-R,25-L,25-R,26-L,26-R,26.5-L,26.5-R,27.5-L,27.5-R,28-L,28-R,29-L,29-R,30-L,30-R,30.5-L,30.5-R,31.5-L,31.5-R,32.5-L,32.5-R,33.5-L,33.5-R,34.5-L,34.5-R,35.5-L,35.5-R,36.5-L,36.5-R,37.5-L,37.5-R,38.5-L,38.5-R,40-L,40-R,41-L,41-R,42-L,42-R,43.5-L,43.5-R,44.5-L,44.5-R,46-L,46-R,47.5-L,47.5-R,48.5-L,48.5-R,50-L,50-R,51.5-L,51.5-R,53-L,53-R,54.5-L,54.5-R,56-L,56-R,58-L,58-R,59.5-L,59.5-R,61.5-L,61.5-R,63-L,63-R,65-L,65-R,67-L,67-R,69-L,69-R,71-L,71-R,73-L,73-R,75-L,75-R,77-L,77-R,80-L,80-R,82-L,82-R,84-L,84-R,86.5-L,86.5-R,89-L,89-R,91.5-L,91.5-R,94.5-L,94.5-R,97-L,97-R,100-L,100-R,103-L,103-R,106-L,106-R,109-L,109-R,112-L,112-R,115.5-L,115.5-R,119-L,119-R,122.5-L,122.5-R,125-L,125-R,129.5-L,129.5-R,133.5-L,133.5-R,137-L,137-R,141.5-L,141.5-R,145.5-L,145.5-R,149.5-L,149.5-R,154-L,154-R,160-L,160-R,163-L,163-R,168-L,168-R,173-L,173-R,178-L,178-R,183-L,183-R,188.5-L,188.5-R,194-L,194-R,200-L,200-R,205.5-L,205.5-R,211.5-L,211.5-R,217.5-L,217.5-R,224-L,224-R,230.5-L,230.5-R,237-L,237-R,244-L,244-R,250-L,250-R,258.5-L,258.5-R,266-L,266-R,274-L,274-R,282-L,282-R,290-L,290-R,298.5-L,298.5-R,307.5-L,307.5-R,315-L,315-R,325.5-L,325.5-R,335-L,335-R,344.5-L,344.5-R,355-L,355-R,365-L,365-R,376-L,376-R,387-L,387-R,400-L,400-R,409.5-L,409.5-R,421.5-L,421.5-R,434-L,434-R,446.5-L,446.5-R,459.5-L,459.5-R,473-L,473-R,487-L,487-R,500-L,500-R,516-L,516-R,531-L,531-R,546.5-L,546.5-R,562.5-L,562.5-R,579-L,579-R,595.5-L,595.5-R,613-L,613-R,630-L,630-R,649.5-L,649.5-R,668.5-L,668.5-R,688-L,688-R,708-L,708-R,728.5-L,728.5-R,750-L,750-R,772-L,772-R,800-L,800-R,817.5-L,817.5-R,841.5-L,841.5-R,866-L,866-R,891.5-L,891.5-R,917.5-L,917.5-R,944-L,944-R,971.5-L,971.5-R,1k-L,1k-R,1.03k-L,1.03k-R,1.06k-L,1.06k-R,1.09k-L,1.09k-R,1.12k-L,1.12k-R,1.15k-L,1.15k-R,1.19k-L,1.19k-R,1.22k-L,1.22k-R,1.25k-L,1.25k-R,1.30k-L,1.30k-R,1.33k-L,1.33k-R,1.37k-L,1.37k-R,1.41k-L,1.41k-R,1.45k-L,1.45k-R,1.50k-L,1.50k-R,1.54k-L,1.54k-R,1.6k-L,1.6k-R,1.63k-L,1.63k-R,1.68k-L,1.68k-R,1.73k-L,1.73k-R,1.78k-L,1.78k-R,1.83k-L,1.83k-R,1.88k-L,1.88k-R,1.94k-L,1.94k-R,2k-L,2k-R,2.05k-L,2.05k-R,2.11k-L,2.11k-R,2.18k-L,2.18k-R,2.24k-L,2.24k-R,2.30k-L,2.30k-R,2.37k-L,2.37k-R,2.44k-L,2.44k-R,2.5k-L,2.5k-R,2.59k-L,2.59k-R,2.66k-L,2.66k-R,2.74k-L,2.74k-R,2.82k-L,2.82k-R,2.90k-L,2.90k-R,2.99k-L,2.99k-R,3.07k-L,3.07k-R,3.15k-L,3.15k-R,3.25k-L,3.25k-R,3.35k-L,3.35k-R,3.45k-L,3.45k-R,3.55k-L,3.55k-R,3.65k-L,3.65k-R,3.76k-L,3.76k-R,3.87k-L,3.87k-R,4k-L,4k-R,4.10k-L,4.10k-R,4.22k-L,4.22k-R,4.34k-L,4.34k-R,4.47k-L,4.47k-R,4.60k-L,4.60k-R,4.73k-L,4.73k-R,4.87k-L,4.87k-R,5k-L,5k-R,5.16k-L,5.16k-R,5.31k-L,5.31k-R,5.46k-L,5.46k-R,5.62k-L,5.62k-R,5.79k-L,5.79k-R,5.96k-L,5.96k-R,6.13k-L,6.13k-R,6.3k-L,6.3k-R,6.49k-L,6.49k-R,6.68k-L,6.68k-R,6.88k-L,6.88k-R,7.08k-L,7.08k-R,7.29k-L,7.29k-R,7.50k-L,7.50k-R,7.72k-L,7.72k-R,8k-L,8k-R,8.18k-L,8.18k-R,8.41k-L,8.41k-R,8.66k-L,8.66k-R,8.91k-L,8.91k-R,9.17k-L,9.17k-R,9.44k-L,9.44k-R,9.72k-L,9.72k-R,10k-L,10k-R,10.29k-L,10.29k-R,10.59k-L,10.59k-R,10.90k-L,10.90k-R,11.22k-L,11.22k-R,11.55k-L,11.55k-R,11.89k-L,11.89k-R,12.23k-L,12.23k-R,12.5k-L,12.5k-R,12.96k-L,12.96k-R,13.34k-L,13.34k-R,13.72k-L,13.72k-R,14.13k-L,14.13k-R,14.54k-L,14.54k-R,14.96k-L,14.96k-R,15.40k-L,15.40k-R,16k-L,16k-R,16.31k-L,16.31k-R,16.79k-L,16.79k-R,17.28k-L,17.28k-R,17.78k-L,17.78k-R,18.30k-L,18.30k-R,18.84k-L,18.84k-R,19.39k-L,19.39k-R,20k-L,20k-R,20.54k-L,20.54k-R,21.13k-L,21.13k-R,21.75k-L,21.75k-R
1,5569,87.54,39.35,13.66,14.48,14.02,14.89,14.39,15.30,14.75,15.71,15.12,16.11,15.48,16.52,15.84,16.93,16.21,17.34,16.57,17.74,16.94,18.15,17.30,18.56,17.66,18.97,18.03,19.38,18.39,19.78,18.75,20.19,18.54,20.01,18.33,19.83,18.12,19.64,17.91,19.46,17.70,19.28,17.49,19.09,17.28,18.91,17.07,18.73,16.86,18.54,16.65,18.36,15.44,17.42,14.22,16.49,13.01,15.55,11.79,14.62,10.58,13.68,9.36,12.74,8.15,11.81,7.25,10.97,6.35,10.14,5.45,9.30,4.56,8.46,3.66,7.63,2.76,6.79,1.87,5.95,1.34,4.79,0.80,3.63,0.27,2.46,-0.26,1.30,-0.79,0.14,-1.08,-0.13,-1.37,-0.40,-1.66,-0.67,-1.95,-0.94,-2.24,-1.21,-1.72,-1.38,-1.21,-1.54,-0.69,-1.70,-0.17,-1.86,-1.40,-1.94,-2.62,-2.01,-3.85,-2.09,-5.07,-2.16,-5.50,-2.00,-5.93,-1.83,-6.36,-1.67,-4.62,-0.89,-2.88,-0.11,-1.14,0.67,-0.93,1.07,-0.72,1.47,-0.51,1.86,-0.50,0.47,-0.49,-0.92,-0.08,-0.68,0.33,-0.44,0.73,-0.19,0.95,1.36,1.16,2.92,-0.92,1.28,-2.99,-0.35,-4.01,-2.45,-5.03,-4.55,-5.52,-4.41,-6.01,-4.28,-5.87,-1.93,-5.73,0.42,4.61,9.55,4.77,9.51,4.93,9.47,1.71,4.57,-1.51,-0.33,-6.57,-2.99,-4.73,-3.12,-4.06,-2.54,-3.39,-1.96,-4.90,-3.70,-7.21,-6.93,-7.39,-6.99,-7.57,-7.05,-2.20,-4.39,-3.59,-4.02,-6.57,-4.38,-7.41,-4.96,-7.44,-3.21,-5.59,-2.40,-8.01,-1.61,-5.01,-2.02,-6.85,-2.24,-5.54,-4.43,-5.83,-2.28,-5.30,-3.11,-5.83,-3.70,-5.05,-3.73,-6.40,-2.41,-2.78,-3.72,-0.51,-4.55,-3.09,-4.06,-9.45,-4.65,-6.50,-7.12,-2.69,-5.10,-0.68,-5.86,-3.84,-2.39,-6.23,-5.54,-4.42,-5.72,-6.85,-3.14,-3.69,-5.07,-4.95,-1.65,-5.06,-5.99,-3.92,-3.10,-4.10,-4.11,-3.89,-1.22,-4.88,-2.57,-2.76,-2.36,-4.42,-1.64,-2.86,-2.68,-1.60,-3.09,1.17,-1.79,-0.59,-0.24,-1.30,-0.79,-0.77,-1.39,-1.89,-2.85,-0.67,-2.62,0.56,-3.73,-1.81,-5.26,-1.44,-2.95,-1.39,-2.51,2.13,-6.66,-4.05,-4.83,-5.01,-5.29,-5.07,-3.55,-2.80,-5.74,-5.24,-5.61,-5.03,-6.18,-4.14,-4.45,-3.59,-3.13,-3.17,-5.13,-3.45,-4.69,-3.67,-5.85,-3.97,-7.99,-4.72,-1.94,-4.91,-4.18,-4.20,-3.33,-5.58,-4.18,-3.90,-5.57,-3.07,-4.33,-5.26,-4.70,-4.28,-3.14,-3.88,-3.78,-4.75,-5.61,-3.80,-4.58,-3.44,-4.25,-3.72,-4.48,-3.39,-4.31,-4.39,-3.23,-2.75,-4.31,-3.16,-3.19,-4.18,-1.63,-4.15,-3.86,-2.51,-1.91,-2.11,-4.00,-0.96,-3.22,-1.56,-2.49,-0.32,-3.45,0.28,-2.93,2.19,-4.16,1.46,-3.25,2.27,-2.67,2.50,-2.82,2.81,-2.69,3.03,-1.74,4.42,-2.45,6.11,-1.41,4.88,-2.37,4.73,-1.22,5.64,-2.02,6.19,-1.99,5.87,-1.82,6.83,-0.84,6.46,-1.46,6.67,0.45,5.16,-0.58,3.91,-0.58,2.70,-0.97,3.93,-0.57,4.33,0.27,5.39,-0.17,8.85,-0.30,11.84,0.26,18.59,0.22,87.46,37.59,54.90,6.26,15.12,0.91,9.84,0.25,8.25,0.47,7.24,0.69,6.72,1.15,6.69,1.14,7.38,0.45,7.41,0.51,7.80,0.57,7.33,0.48,8.04,1.24,7.89,0.77,8.34,0.13,6.06,0.16,7.02,0.95,6.54,0.30,6.36,1.32,6.67,0.53,6.58,0.23,6.96,0.04,5.80,-0.19,5.25,-0.39,5.33,2.98,5.80,1.38,4.42,-0.43,3.90,0.23,5.39,-0.23,7.59,-1.40,8.48,-0.59,7.83,-1.07,7.80,-0.73,7.48,-1.19,7.83,-1.38,5.83,-1.02,3.17,-1.02
2,5578,87.54,39.95,15.12,16.23,15.39,16.53,15.66,16.83,15.92,17.13,16.19,17.42,16.46,17.72,16.73,18.02,17.00,18.32,17.26,18.62,17.53,18.92,17.80,19.22,18.07,19.51,18.34,19.81,18.60,20.11,18.87,20.41,18.88,20.39,18.89,20.37,18.90,20.35,18.92,20.33,18.93,20.32,18.94,20.30,18.95,20.28,18.96,20.26,18.97,20.24,18.98,20.22,18.32,19.13,17.67,18.05,17.01,16.96,16.35,15.87,15.70,14.78,15.04,13.70,14.38,12.61,13.38,11.70,12.38,10.79,11.38,9.89,10.37,8.98,9.37,8.07,8.37,7.16,7.37,6.25,6.42,5.13,5.47,4.00,4.52,2.87,3.57,1.74,2.62,0.62,1.81,0.53,0.99,0.44,0.18,0.35,-0.63,0.27,-1.44,0.18,-2.35,0.62,-3.25,1.06,-4.16,1.50,-5.06,1.94,-5.24,1.64,-5.42,1.33,-5.59,1.02,-5.77,0.72,-5.22,-0.10,-4.67,-0.92,-4.12,-1.74,-2.50,-0.54,-0.89,0.65,0.73,1.85,1.32,3.24,1.92,4.64,2.51,6.03,1.98,6.10,1.45,6.17,3.14,7.01,4.83,7.85,6.52,8.69,5.03,6.79,3.55,4.90,-2.13,-0.57,-7.82,-6.04,-6.36,-5.81,-4.90,-5.58,-3.17,-4.50,-1.44,-3.42,-0.20,-1.03,1.03,1.36,-2.29,-1.16,-4.80,-2.15,-7.31,-3.14,-7.50,-4.58,-7.69,-6.03,-8.33,-4.81,-6.84,-3.59,-7.34,-4.26,-7.84,-4.93,-11.79,-4.85,-9.13,-4.02,-8.23,-4.65,-7.33,-5.29,-6.73,-3.76,-6.15,-2.77,-6.97,-2.94,-4.53,-4.25,-3.19,-2.34,-7.55,-1.91,-5.33,-6.37,-4.66,-6.78,-4.18,-4.06,-6.32,-2.07,-3.90,-6.19,-5.45,-5.97,-3.23,-1.46,-4.33,-4.89,-8.07,-9.36,-3.17,-3.91,-0.55,-2.97,-3.34,-3.81,-5.64,-7.53,-5.34,-3.90,-6.83,-2.46,-4.97,-4.75,-4.03,-4.53,-2.96,-6.27,-5.92,-5.05,-2.04,-7.76,-2.61,-6.09,-2.71,-7.82,-2.28,-5.09,-2.69,-5.21,-2.03,-4.61,-0.97,-3.76,-1.49,-3.71,-0.61,-2.90,-0.33,-4.34,-4.26,-5.68,-5.32,-3.23,-1.18,-2.38,-2.08,-1.97,-2.48,-1.63,-2.17,-2.21,-2.51,-6.41,-1.73,-6.19,-0.82,-3.75,-1.27,-3.87,-1.33,-6.02,-1.57,-5.69,-1.67,-5.59,-3.53,-4.98,-3.63,-3.17,-5.63,-2.87,-3.64,-5.55,-1.98,-5.10,-5.55,-3.49,-4.00,-4.99,-4.35,-3.12,-6.16,-3.98,-3.99,-5.19,-6.58,-4.03,-2.73,-5.07,-5.86,-4.60,-3.69,-6.23,-4.48,-5.12,-3.42,-5.19,-5.51,-5.60,-5.31,-5.60,-5.87,-5.28,-3.37,-4.35,-5.01,-4.02,-4.94,-2.98,-1.84,-3.73,-4.56,-2.89,-3.73,-3.96,-4.83,-5.20,-3.77,-2.88,-4.59,-3.27,-1.43,-5.10,-2.74,-0.47,-1.64,-3.37,-0.28,-3.86,-1.46,-2.90,-2.37,-3.06,-1.44,-2.89,0.47,-5.10,0.17,-3.03,2.00,-3.06,3.19,-3.23,2.20,-3.36,3.69,-2.72,2.06,-0.45,4.67,-3.39,3.98,-3.46,6.79,-3.55,4.23,-2.44,4.51,-1.55,5.53,-1.16,6.08,-0.96,7.06,-0.69,5.61,-1.25,7.49,-1.41,6.75,-0.36,4.93,-1.38,3.54,0.05,1.34,-0.74,2.46,-0.88,4.59,-1.41,6.38,-0.51,8.84,-0.54,11.98,0.20,17.97,-0.56,87.46,37.57,54.58,6.65,14.09,1.28,10.50,0.74,7.66,0.98,5.94,0.69,7.04,2.01,7.29,1.18,7.01,0.67,7.62,0.47,6.96,1.02,8.03,0.45,8.16,1.40,7.82,0.67,8.15,0.25,7.28,1.14,5.86,1.30,7.19,0.16,6.35,-0.06,6.71,0.62,5.97,0.46,7.07,-1.03,5.61,-0.41,5.91,-1.06,5.67,2.97,5.50,1.39,3.97,-0.41,3.14,-0.18,5.98,-1.31,8.13,-0.27,9.27,-0.66,8.75,-0.64,8.30,-1.21,7.10,-1.58,8.30,-0.32,6.78,-1.55,3.29,-1.22
3,5585,87.54,40.06,18.01,19.54,18.04,19.52,18.08,19.50,18.11,19.48,18.14,19.46,18.17,19.44,18.20,19.42,18.24,19.40,18.27,19.38,18.30,19.35,18.33,19.33,18.36,19.31,18.40,19.29,18.43,19.27,18.46,19.25,18.38,19.09,18.30,18.94,18.23,18.78,18.15,18.63,18.07,18.47,18.00,18.31,17.92,18.16,17.84,18.00,17.76,17.84,17.69,17.69,16.93,17.05,16.17,16.40,15.41,15.76,14.66,15.12,13.90,14.48,13.14,13.84,12.38,13.19,10.99,12.35,9.59,11.51,8.19,10.67,6.79,9.83,5.40,8.99,4.00,8.15,2.60,7.31,2.49,6.30,2.38,5.30,2.27,4.29,2.16,3.28,2.04,2.27,1.62,1.76,1.20,1.25,0.78,0.75,0.36,0.24,-0.06,-0.27,0.28,-0.42,0.62,-0.56,0.95,-0.71,1.29,-0.85,0.88,-0.84,0.47,-0.83,0.05,-0.82,-0.36,-0.81,-1.44,-1.17,-2.52,-1.52,-3.60,-1.87,-2.24,-1.28,-0.89,-0.68,0.47,-0.09,1.18,0.32,1.89,0.72,2.60,1.12,5.25,2.85,7.89,4.58,7.52,4.20,7.15,3.82,6.78,3.45,2.80,0.25,-1.18,-2.95,-3.27,-4.84,-5.36,-6.73,-4.09,-4.28,-2.82,-1.83,-0.34,0.83,2.14,3.50,0.76,2.31,-0.63,1.12,-4.98,-2.26,-3.80,-1.45,-2.62,-0.65,-4.55,-2.66,-6.49,-4.68,-8.93,-8.45,-6.16,-8.54,-5.75,-7.58,-5.35,-6.61,-4.93,-3.81,-9.20,-6.25,-7.72,-7.38,-6.24,-8.50,-4.54,-8.77,-6.16,-5.64,-9.58,-2.30,-6.22,-2.72,-4.20,-3.29,-1.86,-2.69,-5.52,-4.37,-11.20,-4.52,-9.02,-5.61,-6.27,-6.45,-7.21,-6.58,-5.01,-7.76,-8.00,-7.64,-5.71,-9.19,-4.37,-6.98,-6.30,-6.57,-2.68,-4.89,-4.12,-3.91,-4.09,-5.14,-0.94,-6.69,-4.85,-6.02,-4.66,-6.55,-3.28,-5.58,-2.73,-5.70,-5.93,-7.23,-2.07,-3.79,-3.99,-6.91,-6.59,-6.25,-3.90,-4.40,-0.98,-6.13,-4.80,-2.82,-2.85,-7.62,-2.18,-4.00,-2.35,-3.16,-3.84,-2.45,-6.11,-3.97,-3.91,-5.91,-1.36,-3.57,-1.86,-6.49,-1.75,-5.09,-0.08,-4.62,-6.90,-7.10,-3.68,-3.28,-0.55,-2.67,-0.32,-1.58,-0.85,-7.30,-2.93,-5.31,-2.94,-4.59,-3.09,-6.00,-4.44,-6.10,-2.47,-3.28,-5.59,-6.96,-4.73,-6.42,-4.88,-5.73,-4.44,-5.86,-3.47,-3.86,-5.20,-3.43,-5.61,-3.50,-5.74,-4.79,-4.37,-5.92,-4.12,-3.21,-3.33,-2.89,-6.35,-4.46,-4.06,-3.14,-5.07,-5.46,-4.60,-4.17,-4.17,-6.68,-4.89,-5.24,-3.47,-3.76,-4.17,-3.89,-3.61,-5.62,-4.40,-5.25,-3.18,-4.73,-5.13,-5.04,-3.21,-5.70,-2.75,-3.89,-4.86,-3.29,-3.68,-3.45,-2.41,-2.32,-1.50,-3.53,-1.83,-2.71,-2.63,-3.14,0.16,-2.76,-1.33,-2.83,-0.72,-3.59,1.83,-1.71,0.94,-1.85,0.46,-2.52,1.83,-1.94,2.85,-2.65,1.44,-1.52,3.98,-1.94,4.42,-2.36,4.70,-2.83,7.14,-1.19,4.71,-1.36,5.38,-1.37,5.97,-1.40,5.68,-0.61,9.02,-2.09,5.12,-1.46,4.52,-0.08,3.84,-0.92,2.68,-0.28,3.11,-0.91,4.13,-0.25,6.76,0.05,8.30,-0.24,13.23,-0.70,19.47,-0.25,87.46,37.57,55.27,6.89,15.39,-0.00,10.15,-0.47,7.63,1.39,5.84,-0.22,6.31,0.99,7.02,0.81,7.01,1.19,7.27,0.43,6.96,0.87,8.11,1.68,7.59,1.02,7.68,0.61,7.24,0.88,6.79,0.79,6.46,0.23,6.87,0.18,6.72,0.09,6.79,0.44,7.22,0.28,6.27,0.65,5.48,-0.73,5.57,0.07,6.07,2.72,5.89,2.57,4.01,-0.44,3.79,-1.10,5.73,-1.29,7.34,0.24,8.71,-1.06,8.48,-1.19,7.58,-1.15,7.15,-0.35,8.07,-0.70,6.14,-1.19,3.05,-1.06
4,5593,81.49,47.21,27.01,27.68,27.50,28.17,27.98,28.66,28.46,29.14,28.94,29.63,29.43,30.11,29.91,30.60,30.39,31.08,30.87,31.57,31.36,32.05,31.84,32.54,32.32,33.02,32.80,33.51,33.29,33.99,33.77,34.48,33.25,33.95,32.73,33.43,32.21,32.90,31.69,32.37,31.17,31.85,30.65,31.32,30.13,30.80,29.61,30.27,29.09,29.75,28.58,29.22,26.29,26.84,24.01,24.46,21.73,22.07,19.45,19.69,17.16,17.31,14.88,14.92,12.60,12.54,10.90,11.34,9.21,10.14,7.52,8.94,5.83,7.74,4.13,6.54,2.44,5.34,0.75,4.14,0.93,2.91,1.11,1.68,1.29,0.44,1.47,-0.79,1.65,-2.03,0.71,-1.97,-0.23,-1.91,-1.17,-1.85,-2.11,-1.78,-3.05,-1.72,-2.13,-1.11,-1.21,-0.50,-0.28,0.11,0.64,0.72,0.50,1.30,0.37,1.88,0.24,2.46,0.11,3.04,-0.79,2.00,-1.69,0.96,-2.59,-0.08,-2.55,0.75,-2.52,1.58,-2.48,2.41,-0.11,3.80,2.26,5.20,4.64,6.59,5.34,6.43,6.04,6.28,3.67,3.83,1.30,1.39,-1.06,-1.06,-2.50,-2.88,-3.94,-4.69,-5.10,-3.80,-6.27,-2.91,-2.10,0.30,2.07,3.50,0.85,1.51,-0.37,-0.49,-1.96,-2.63,-3.55,-4.77,-4.33,-4.76,-5.47,-4.46,-6.61,-4.16,-6.35,-4.58,-6.09,-5.00,-6.36,-3.72,-6.99,-3.64,-6.82,-2.89,-6.64,-2.14,-2.47,-2.94,-3.36,-5.59,-5.27,-6.98,-7.17,-8.37,-6.43,-6.46,-5.42,-6.64,-6.36,-5.79,-10.35,-2.52,-7.42,-2.26,-6.25,-3.21,-5.46,-4.01,-6.07,-3.89,-9.54,-4.04,-8.82,-4.19,-6.00,-3.31,-3.44,-4.89,-5.76,-5.89,-5.61,-5.67,-4.88,-3.34,-6.73,-5.04,-7.26,-4.80,-4.77,-3.87,-1.81,-3.32,-3.17,-6.01,-4.05,-3.38,-4.69,-2.63,-3.07,-6.80,-2.12,-4.76,-4.22,-6.48,-5.98,-5.99,-3.69,-7.03,-2.89,-4.54,-5.34,-1.88,-3.44,-3.44,-5.02,-5.88,-3.03,-8.43,-0.61,-4.60,-1.35,-7.56,-4.70,-8.30,-5.38,-5.54,-1.42,-4.56,-4.02,-6.37,-3.88,-3.98,-5.12,-3.88,-1.46,-5.20,-5.17,-6.01,-6.09,-5.27,-2.79,-5.02,0.75,-7.02,-1.79,-4.15,-3.67,-3.49,-2.27,-4.29,-3.50,-5.79,-1.31,-6.15,-4.24,-3.91,-6.23,-3.12,-4.66,-6.74,-4.54,-4.96,-3.83,-4.36,-6.16,-4.61,-2.79,-7.32,-4.17,-3.93,-5.78,-4.42,-4.66,-5.03,-4.10,-5.60,-5.22,-4.46,-4.74,-6.04,-3.68,-4.08,-3.88,-3.62,-5.44,-4.74,-4.58,-5.42,-4.18,-6.04,-3.21,-3.98,-4.79,-4.27,-4.05,-3.78,-2.74,-4.43,-3.41,-4.26,-3.52,-2.93,-3.56,-4.96,-3.06,-3.38,-2.72,-5.41,-4.39,-2.31,-1.93,-5.57,-1.76,-2.86,-1.17,-4.05,-0.58,-3.45,-0.47,-1.50,-0.09,-3.52,0.60,-4.39,1.12,-1.38,2.74,-2.28,2.30,-2.60,4.15,-1.73,2.68,-2.78,3.22,-3.42,4.86,-0.86,3.01,-1.82,4.70,-1.76,4.74,-2.51,5.56,-2.25,6.98,-1.73,6.64,-0.88,7.70,-1.67,8.80,-1.20,6.65,-1.25,5.40,-0.77,4.17,-0.93,2.68,-1.68,2.59,-0.86,3.76,-1.40,4.62,-0.06,6.95,-0.50,10.20,-0.99,14.53,0.25,81.41,31.55,48.74,2.76,10.45,-0.41,8.29,0.34,7.26,-0.17,5.53,1.18,6.91,0.82,5.49,0.59,6.18,0.92,7.60,-0.05,7.12,0.71,7.38,0.92,8.93,-0.14,8.49,1.62,7.34,0.50,6.56,0.50,6.87,1.12,7.14,0.56,6.64,0.55,5.94,-0.06,6.79,1.00,6.64,0.23,5.78,-0.57,4.82,-0.86,5.72,0.97,5.83,0.16,4.56,-0.28,3.19,-0.11,5.28,-0.62,7.95,-0.32,8.23,-1.12,9.21,-1.75,8.00,-1.15,7.73,-1.03,8.52,-0.71,6.36,-1.11,3.15,-0.99
5,5601,81.48,38.12,14.63,15.64,14.98,15.99,15.33,16.34,15.68,16.69,16.03,17.04,16.38,17.39,16.72,17.75,17.07,18.10,17.42,18.45,17.77,18.80,18.12,19.15,18.47,19.50,18.81,19.85,19.16,20.20,19.51,20.56,19.72,20.86,19.93,21.16,20.14,21.46,20.35,21.76,20.56,22.06,20.77,22.36,20.98,22.66,21.19,22.96,21.41,23.26,21.62,23.57,21.05,23.02,20.49,22.47,19.92,21.93,19.36,21.38,18.79,20.83,18.23,20.29,17.66,19.74,15.76,17.64,13.85,15.54,11.95,13.44,10.05,11.35,8.14,9.25,6.24,7.15,4.34,5.05,3.06,3.70,1.79,2.35,0.52,0.99,-0.75,-0.36,-2.03,-1.71,-2.68,-1.88,-3.34,-2.04,-4.00,-2.20,-4.66,-2.36,-5.31,-2.53,-5.43,-2.21,-5.54,-1.89,-5.65,-1.58,-5.76,-1.26,-4.93,-1.41,-4.10,-1.57,-3.27,-1.73,-2.44,-1.88,-2.54,-2.93,-2.65,-3.98,-2.75,-5.04,-0.81,-2.88,1.12,-0.72,3.06,1.44,4.71,3.33,6.37,5.22,8.02,7.12,8.12,6.85,8.22,6.58,5.85,3.49,3.47,0.39,1.09,-2.70,-2.10,-3.52,-5.29,-4.33,-4.77,-3.10,-4.26,-1.86,-1.29,0.64,1.69,3.14,-0.24,1.85,-2.16,0.56,-3.99,-1.27,-5.82,-3.10,-5.43,-5.75,-5.56,-4.92,-5.68,-4.09,-6.51,-3.85,-7.34,-3.61,-5.82,-8.43,-5.00,-7.43,-5.20,-6.56,-5.41,-5.69,-7.19,-3.47,-7.41,-5.49,-6.85,-4.28,-6.29,-3.07,-6.32,-6.07,-6.76,-7.21,-5.75,-8.72,-6.38,-8.76,-7.08,-5.96,-5.52,-4.43,-3.64,-5.42,-3.92,-6.70,-4.89,-4.29,-4.83,-7.99,-3.64,-3.80,-3.99,-3.91,-7.61,-5.64,-8.04,-6.19,-8.22,-4.85,-4.31,-5.63,-4.05,-4.25,-9.97,-6.96,-6.58,-5.63,-6.36,-5.11,-4.27,-7.29,-5.71,-5.59,-5.04,-7.96,-6.68,-5.97,-6.70,-3.73,-4.88,-4.65,-4.05,-6.84,-4.34,-5.79,-6.80,-8.02,-7.19,-5.61,-5.33,-5.08,-6.10,-4.31,-4.20,-6.19,-4.44,-3.76,-4.37,-4.49,-3.78,-3.26,-3.60,-3.25,-2.96,-4.73,-1.07,-3.09,-3.43,-2.46,-3.31,-5.98,-1.30,-2.85,-2.61,-4.88,-3.52,-6.03,-5.38,-5.01,-0.69,-8.16,-1.74,-5.12,-3.84,-5.72,-4.86,-6.95,-5.68,-3.58,-2.34,-5.08,-3.74,-4.89,-5.70,-6.39,-5.85,-6.70,-3.38,-6.81,-4.35,-5.86,-4.88,-5.29,-3.94,-4.42,-5.75,-4.69,-4.51,-5.23,-6.56,-3.38,-4.16,-3.86,-4.44,-3.96,-5.25,-4.93,-3.56,-5.83,-3.46,-1.03,-4.33,-2.35,-5.41,-3.38,-6.77,-5.66,-3.88,-3.79,-3.49,-4.49,-4.49,-4.45,-3.80,-4.57,-4.71,-4.90,-2.93,-3.56,-3.79,-3.38,-4.05,-2.30,-4.47,-2.77,-1.99,-4.22,-2.10,-3.05,-1.60,-4.17,-1.68,-2.49,1.06,-3.56,-0.13,-2.95,-0.48,-3.24,1.27,-2.86,1.88,-2.18,2.18,-3.55,3.08,-1.99,2.92,-1.18,2.76,-1.67,3.35,-2.76,4.65,-3.09,4.50,-2.95,6.04,-2.57,5.00,-2.97,6.23,-1.16,5.71,-2.16,6.40,-1.50,7.92,-2.01,6.56,-1.06,5.03,-0.16,4.11,-0.26,4.20,-1.05,3.04,-0.23,3.60,-1.22,4.50,0.27,7.50,-0.93,10.20,0.06,15.09,0.71,81.40,31.53,48.81,2.49,11.70,1.28,9.45,0.84,7.27,-0.08,7.26,-0.31,5.95,0.43,6.61,0.83,7.43,0.96,6.70,1.31,7.30,1.68,8.24,0.81,8.44,0.26,7.94,1.05,7.70,0.86,7.35,0.38,7.14,0.40,6.76,0.58,5.89,1.07,6.87,0.12,6.42,0.72,6.70,0.10,5.91,0.35,5.30,-0.24,5.51,0.52,5.47,0.15,3.99,-0.41,4.47,0.13,5.51,-0.84,7.88,-0.16,8.63,-1.00,8.71,-1.18,7.88,-1.93,7.02,-0.63,7.69,-1.17,6.15,-1.56,3.36,-1.87
6,5608,81.49,37.19,16.09,17.10,16.19,17.22,16.29,17.34,16.39,17.45,16.50,17.57,16.60,17.69,16.70,17.80,16.80,17.92,16.90,18.04,17.00,18.15,17.10,18.27,17.21,18.39,17.31,18.50,17.41,18.62,17.51,18.73,17.61,18.70,17.72,18.66,17.82,18.62,17.92,18.58,18.03,18.54,18.13,18.50,18.23,18.46,18.33,18.42,18.44,18.38,18.54,18.35,17.98,17.13,17.42,15.91,16.86,14.69,16.30,13.47,15.74,12.26,15.18,11.04,14.62,9.82,13.19,8.59,11.76,7.36,10.32,6.14,8.89,4.91,7.46,3.68,6.03,2.45,4.60,1.22,3.90,0.91,3.20,0.60,2.50,0.29,1.80,-0.02,1.10,-0.34,-0.80,-0.22,-2.70,-0.10,-4.60,0.02,-6.51,0.14,-8.41,0.25,-6.47,0.04,-4.54,-0.17,-2.60,-0.38,-0.67,-0.60,-1.01,-0.98,-1.36,-1.37,-1.71,-1.76,-2.06,-2.14,-3.23,-2.27,-4.40,-2.39,-5.57,-2.52,-4.50,-0.95,-3.43,0.62,-2.36,2.19,0.37,3.90,3.09,5.62,5.82,7.33,6.24,7.12,6.66,6.90,4.01,4.14,1.36,1.37,-1.28,-1.40,-3.00,-1.60,-4.72,-1.80,-3.63,-0.50,-2.54,0.80,-0.24,3.47,2.06,6.15,0.36,4.37,-1.33,2.59,-3.19,-1.24,-5.05,-5.07,-7.04,-3.84,-7.18,-3.73,-7.31,-3.61,-6.97,-3.22,-6.63,-2.83,-6.14,-6.91,-5.87,-5.87,-4.96,-5.49,-4.06,-5.10,-3.59,-8.27,-7.22,-5.83,-8.11,-8.02,-9.00,-10.22,-6.83,-8.22,-4.59,-6.69,-2.04,-3.60,-3.12,-2.59,-4.71,-1.17,-6.00,-3.83,-6.87,-5.24,-4.49,-4.91,-4.81,-2.29,-7.91,-4.45,-7.79,-6.59,-5.86,-4.64,-2.81,-3.80,-4.59,0.01,-2.82,0.97,-3.31,-4.96,-6.35,-5.33,-6.99,-3.36,-3.76,-3.98,-4.19,-3.20,-5.53,-2.02,-3.08,-4.81,-3.23,-5.73,-3.70,-6.94,-4.18,-5.72,-1.25,-2.70,-0.65,-1.74,-3.41,-3.32,-2.78,-3.32,-3.04,-2.71,-3.78,-7.81,-3.60,-5.37,-0.92,-3.20,-2.99,-3.11,-4.17,-5.13,-0.13,-5.52,-1.39,-5.57,-3.56,-5.81,-0.65,-1.94,-5.25,-6.79,-4.22,-7.11,-3.63,-7.21,-2.85,-4.22,-1.63,-4.94,-2.79,-8.32,-5.52,-4.31,-2.79,-1.93,-2.06,-3.56,-2.32,-4.79,-0.33,-4.75,-2.72,-5.61,-3.52,-5.29,-4.05,-5.71,-6.46,-5.35,-4.53,-4.59,-6.25,-6.05,-2.87,-3.16,-3.93,-4.63,-4.04,-5.71,-5.44,-3.57,-5.74,-5.79,-5.60,-4.98,-5.25,-4.17,-5.95,-3.50,-3.74,-6.59,-4.45,-6.56,-5.51,-4.91,-5.21,-2.70,-4.48,-5.48,-2.62,-4.74,-4.67,-5.49,-2.88,-5.42,-5.57,-4.83,-4.61,-4.34,-3.14,-5.24,-3.14,-2.24,-1.99,-5.32,-4.16,-5.00,-3.64,-4.11,-2.12,-2.47,-2.16,-2.41,-0.88,-2.64,-2.48,-3.12,0.16,-3.48,1.48,-3.85,0.61,-3.66,1.59,-2.51,2.47,-3.82,2.31,-2.83,3.86,-1.57,3.56,-1.35,5.87,-2.12,5.14,-2.15,4.34,-1.85,5.38,-1.58,5.65,-1.75,5.40,-0.91,5.27,-1.88,6.32,-1.09,8.32,-1.38,6.77,-2.14,4.52,-0.08,4.05,-0.79,3.12,-0.16,3.71,-0.40,3.92,-0.46,6.68,-0.89,8.37,-0.47,10.53,0.52,13.25,0.55,81.41,31.53,48.91,3.01,10.50,-0.62,8.06,0.30,8.13,0.26,6.96,1.10,5.63,0.99,6.72,0.66,6.17,0.81,6.32,0.48,7.71,0.21,7.97,1.70,6.96,0.58,8.31,0.72,6.98,0.46,6.77,0.59,6.63,0.20,6.90,1.09,7.17,0.23,7.10,1.16,7.56,0.20,6.64,0.88,5.64,-0.14,5.78,0.04,6.37,0.48,6.16,0.36,3.65,-0.14,3.71,-0.41,5.45,-1.15,8.05,-0.30,8.98,-1.75,7.91,-1.06,7.88,-0.85,7.75,-1.06,8.07,-0.86,5.82,-1.57,3.49,-1.17
7,5618,75.39,35.18,16.20,16.84,15.98,16.63,15.76,16.41,15.53,16.20,15.31,15.99,15.08,15.77,14.86,15.56,14.64,15.34,14.41,15.13,14.19,14.92,13.96,14.70,13.74,14.49,13.52,14.28,13.29,14.06,13.07,13.85,13.39,14.45,13.72,15.05,14.05,15.65,14.38,16.25,14.70,16.85,15.03,17.45,15.36,18.05,15.68,18.65,16.01,19.25,16.34,19.85,15.58,19.44,14.82,19.03,14.07,18.62,13.31,18.21,12.55,17.80,11.80,17.39,11.04,16.97,10.03,15.32,9.01,13.66,8.00,12.00,6.98,10.34,5.97,8.68,4.95,7.02,3.94,5.37,3.64,4.34,3.35,3.31,3.06,2.28,2.76,1.25,2.47,0.22,1.78,-0.81,1.09,-1.84,0.40,-2.87,-0.29,-3.90,-0.98,-4.93,-1.09,-3.95,-1.20,-2.97,-1.32,-1.99,-1.43,-1.01,-1.70,-1.07,-1.97,-1.14,-2.25,-1.20,-2.52,-1.26,-2.63,-1.35,-2.75,-1.43,-2.86,-1.52,-1.99,-1.60,-1.11,-1.67,-0.24,-1.75,1.50,-0.37,3.25,1.00,4.99,2.37,4.98,2.94,4.98,3.51,3.20,1.12,1.42,-1.27,-0.36,-3.66,-1.71,-2.77,-3.06,-1.89,-2.34,-2.26,-1.62,-2.63,0.57,1.18,2.77,4.98,1.38,3.26,-0.00,1.54,-4.19,-2.16,-8.38,-5.85,-6.81,-3.98,-6.10,-2.82,-5.40,-1.65,-5.75,-3.16,-6.11,-4.68,-8.19,-8.87,-6.95,-6.22,-6.96,-5.75,-6.97,-5.28,-4.94,-3.08,-3.33,-3.61,-4.86,-4.27,-6.39,-4.93,-7.62,-6.15,-6.22,-5.95,-4.23,-3.74,-6.44,-3.64,-5.75,-9.21,-4.64,-6.62,-5.36,-4.04,-4.22,-3.64,-2.09,-2.35,-3.54,-1.25,-3.12,-1.22,-5.48,-3.27,-8.69,-6.74,-8.21,-4.39,-6.55,-2.50,-2.81,-4.33,-5.00,-4.92,-4.59,-2.94,-6.52,-7.17,-5.97,-6.72,-6.04,-5.13,-3.52,-5.24,-3.04,-4.80,-6.62,-6.74,-6.82,-5.42,-3.64,-4.88,-3.92,-6.53,-4.42,-5.69,-5.89,-8.34,-1.23,-3.39,-4.00,-5.63,-3.99,-5.42,-3.58,-4.83,-4.10,-3.94,-2.32,-1.55,-1.85,-5.42,-5.28,-4.63,-5.63,-6.25,-4.30,-4.66,-2.57,-5.14,-0.97,-5.04,-3.34,-3.03,-1.82,-6.36,-4.42,-5.60,-2.16,-7.08,-6.10,-6.91,-0.71,-5.72,-5.04,-5.08,-3.72,-6.32,-2.44,-3.29,-6.34,-6.01,-3.62,-4.07,-8.25,-6.71,-6.09,-6.66,-6.47,-4.98,-5.38,-4.75,-4.18,-4.58,-4.97,-6.20,-6.29,-4.71,-4.91,-5.54,-5.11,-5.27,-3.29,-4.98,-5.49,-3.71,-2.55,-4.28,-2.67,-3.06,-4.03,-6.53,-2.95,-6.65,-4.95,-4.04,-6.64,-4.90,-3.53,-3.11,-4.13,-5.12,-3.21,-3.94,-5.35,-3.83,-3.38,-3.19,-4.66,-4.35,-2.50,-2.27,-3.33,-4.43,-3.22,-4.38,-2.47,-2.35,-2.28,-4.07,-3.45,-3.86,-0.90,-4.36,-1.23,-2.58,-0.82,-3.43,0.05,-3.44,1.28,-1.63,1.95,-2.54,3.35,-1.62,2.69,-2.34,1.74,-1.97,3.05,-1.63,4.08,-1.91,3.83,-2.75,4.57,-1.83,4.55,-1.58,4.54,-1.84,6.45,-1.82,5.57,-1.27,6.78,-1.43,7.90,0.11,7.00,-1.03,3.95,-0.95,3.66,-1.56,4.24,0.02,1.84,-1.05,3.92,-1.41,4.92,-1.05,7.46,-1.04,9.36,-0.33,12.44,0.03,75.32,25.41,42.71,0.85,9.29,0.36,9.21,-0.02,6.72,-0.32,6.26,0.85,6.77,1.03,7.50,1.33,6.79,1.23,6.35,0.12,7.65,0.23,7.50,1.28,8.26,0.98,8.78,0.72,8.81,1.33,7.08,0.36,6.76,0.96,7.13,0.61,5.69,0.34,5.87,0.22,6.64,0.80,6.37,-0.25,4.99,0.32,5.37,0.62,5.58,-0.42,5.96,-0.78,4.07,-0.98,3.70,-0.60,5.53,-0.67,8.32,-0.43,7.85,-1.24,8.72,-0.40,7.74,-0.24,8.13,-1.51,8.01,-0.14,5.98,-1.13,3.33,-1.25
8,5625,75.40,37.43,17.25,18.90,17.19,18.79,17.13,18.68,17.07,18.56,17.01,18.45,16.95,18.34,16.89,18.23,16.83,18.12,16.77,18.01,16.71,17.90,16.65,17.79,16.59,17.68,16.53,17.57,16.47,17.46,16.41,17.35,16.45,17.58,16.49,17.81,16.53,18.05,16.56,18.28,16.60,18.51,16.64,18.75,16.68,18.98,16.72,19.21,16.76,19.44,16.80,19.68,15.85,19.07,14.90,18.46,13.96,17.85,13.01,17.24,12.07,16.63,11.12,16.02,10.17,15.41,8.76,13.92,7.35,12.43,5.93,10.95,4.52,9.46,3.10,7.97,1.69,6.48,0.28,4.99,0.15,4.04,0.02,3.09,-0.11,2.13,-0.24,1.18,-0.37,0.23,-0.18,0.02,-0.00,-0.20,0.18,-0.41,0.37,-0.62,0.55,-0.83,0.20,-0.41,-0.15,0.01,-0.50,0.43,-0.85,0.85,-1.56,0.36,-2.27,-0.13,-2.99,-0.63,-3.70,-1.12,-4.73,-2.25,-5.76,-3.39,-6.80,-4.52,-6.26,-3.49,-5.73,-2.46,-5.19,-1.43,-1.78,0.95,1.63,3.33,5.04,5.71,5.73,6.32,6.41,6.93,4.10,4.78,1.79,2.63,-0.52,0.48,-2.00,-1.91,-3.48,-4.30,-2.49,-2.91,-1.51,-1.51,0.86,1.70,3.24,4.90,1.73,3.41,0.22,1.91,-3.68,-1.74,-7.58,-5.38,-5.01,-6.39,-4.96,-5.61,-4.91,-4.83,-5.27,-5.92,-5.63,-7.00,-4.24,-8.83,-2.11,-7.70,-1.77,-6.65,-1.42,-5.60,-6.07,-5.68,-9.97,-4.53,-6.86,-5.10,-3.76,-5.68,-2.14,-7.72,-2.18,-6.71,-7.82,-9.20,-7.91,-7.81,-7.35,-4.30,-8.32,-5.43,-7.95,-2.50,-9.80,-4.31,-6.04,-7.08,-3.24,-9.42,-3.82,-4.78,-5.20,-3.61,-3.52,-4.30,-4.93,-5.80,-5.01,-2.13,-7.34,-3.41,-2.57,-6.46,-3.04,-8.97,-3.98,-7.87,-5.57,-4.56,-3.62,-5.41,-5.07,-9.11,-2.30,-10.52,-3.30,-9.82,-4.14,-4.40,-6.86,-4.60,-8.18,-6.53,-3.91,-4.10,-4.03,-7.06,-7.56,-6.16,-6.51,-5.81,-6.53,-4.69,-1.79,-2.40,-5.63,-2.71,-3.09,-4.62,-1.54,-5.32,-4.63,-2.47,-6.34,-4.39,-3.92,-5.48,-6.31,-6.58,-1.74,-7.07,-2.42,-3.68,-4.23,-4.39,-2.69,-6.08,-1.44,-7.11,-3.60,-4.97,-4.98,-3.57,-1.54,-6.45,-1.07,-5.56,-2.22,-7.47,-2.02,-6.54,-6.10,-4.87,-2.28,-5.80,-3.89,-5.37,-8.42,-4.77,-7.23,-3.85,-4.70,-5.64,-3.30,-3.76,-4.02,-5.41,-5.21,-4.41,-4.82,-6.16,-4.23,-4.52,-6.02,-5.44,-6.27,-5.79,-4.26,-4.94,-5.33,-3.85,-6.89,-4.93,-5.50,-3.75,-4.37,-4.94,-6.30,-5.61,-5.76,-2.08,-3.73,-5.12,-3.27,-1.95,-3.90,-4.16,-3.36,-3.29,-3.97,-3.89,-2.94,-4.12,-3.39,-3.80,-2.27,-2.49,-3.11,-3.31,-1.54,-1.89,-0.62,-2.80,-2.36,-5.33,-1.19,-3.43,0.27,-3.62,2.31,-1.78,1.63,-3.27,2.70,-3.37,1.75,-1.91,3.04,-3.47,2.55,-3.87,4.73,-1.89,4.57,-1.53,4.29,-1.81,3.80,-2.56,6.22,-1.66,5.97,-1.94,5.36,-2.63,6.68,-2.22,8.70,-1.28,7.28,-0.63,5.67,-1.18,4.09,-1.73,3.21,-0.50,3.96,-0.24,3.26,-0.32,5.11,0.20,7.41,0.96,9.01,0.56,12.59,-0.68,75.32,25.44,42.84,0.79,10.26,1.67,8.44,0.55,7.18,-0.19,7.19,-0.23,6.22,1.73,6.45,0.17,7.29,0.79,7.96,1.20,7.57,0.73,7.73,1.31,8.52,1.02,8.75,0.60,7.62,0.86,6.48,0.54,7.06,0.61,7.07,0.69,6.58,-0.41,5.62,0.21,7.76,0.02,6.69,0.31,5.24,-0.23,4.90,0.02,5.76,-0.23,5.76,-0.41,4.08,0.01,3.29,-0.04,5.22,-0.51,8.23,-1.40,8.85,-1.14,8.47,-0.91,8.31,-1.09,7.74,-0.69,7.64,-0.63,6.31,-1.36,3.70,-1.49
9,5635,75.40,36.58,13.43,13.57,13.93,14.08,14.43,14.58,14.93,15.08,15.42,15.59,15.92,16.09,16.42,16.59,16.92,17.10,17.42,17.60,17.92,18.10,18.42,18.60,18.92,19.11,19.42,19.61,19.91,20.11,20.41,20.62,20.49,20.65,20.56,20.68,20.63,20.71,20.70,20.74,20.78,20.77,20.85,20.81,20.92,20.84,21.00,20.87,21.07,20.90,21.14,20.93,19.92,19.56,18.69,18.19,17.47,16.82,16.24,15.45,15.02,14.08,13.79,12.71,12.57,11.34,11.53,10.60,10.49,9.85,9.45,9.10,8.41,8.35,7.37,7.61,6.33,6.86,5.29,6.11,5.10,4.94,4.91,3.77,4.72,2.60,4.53,1.43,4.34,0.26,3.70,-0.06,3.06,-0.37,2.42,-0.69,1.77,-1.00,1.13,-1.32,1.25,-0.42,1.36,0.47,1.48,1.36,1.59,2.26,1.23,1.64,0.87,1.02,0.51,0.40,0.15,-0.22,-1.07,-2.08,-2.28,-3.94,-3.50,-5.81,-2.17,-4.60,-0.84,-3.39,0.49,-2.18,2.48,0.72,4.47,3.62,6.46,6.52,6.83,6.75,7.20,6.98,4.79,3.70,2.37,0.41,-0.04,-2.87,-2.90,-2.55,-5.76,-2.23,-4.00,-2.32,-2.23,-2.42,-0.21,-0.28,1.81,1.87,0.33,0.65,-1.15,-0.56,-2.68,-2.95,-4.22,-5.33,-10.97,-6.59,-8.14,-5.82,-5.31,-5.05,-5.02,-8.24,-4.73,-11.44,-6.34,-6.54,-6.90,-5.17,-6.34,-5.63,-5.78,-6.09,-7.40,-3.23,-13.22,-2.35,-10.58,-4.61,-7.93,-6.86,-6.46,-7.33,-4.33,-11.98,-3.64,-5.06,-8.79,-5.49,-8.02,-9.15,-9.15,-8.30,-9.90,-4.33,-7.97,-5.11,-7.80,-4.07,-8.19,-2.59,-9.25,-2.75,-7.09,-3.59,-6.30,-4.40,-7.73,-3.66,-8.75,-2.95,-7.18,-2.96,-2.94,-8.07,-2.87,-5.28,-4.33,-6.05,-5.17,-4.01,-5.01,-5.82,-3.46,-6.46,-6.57,-4.62,-1.62,-7.68,-3.17,-4.97,-5.33,-2.40,-4.18,-6.85,-5.66,-7.01,-3.57,-5.68,-2.18,-3.91,-4.78,-5.61,-6.44,-4.36,-0.88,-5.18,-2.98,-6.64,-3.20,-3.77,-2.97,-4.64,-3.85,-5.74,-0.33,-6.70,-1.09,-4.68,-2.43,-4.55,-1.62,-3.88,-1.59,-4.86,-3.52,-5.15,-3.33,-3.47,-3.37,-4.42,-0.73,-4.81,-1.44,-4.65,-3.73,-5.19,-5.12,-5.20,-3.74,-7.13,-4.98,-5.79,-3.89,-6.54,-5.69,-3.87,-4.70,-8.16,-4.48,-4.56,-3.49,-7.44,-4.17,-5.25,-5.76,-6.23,-4.30,-8.22,-5.93,-3.54,-6.13,-6.14,-4.13,-3.31,-6.29,-4.73,-4.80,-5.05,-6.85,-5.39,-4.74,-4.24,-4.82,-5.07,-3.88,-3.44,-5.36,-3.27,-3.72,-4.92,-3.28,-3.91,-4.79,-4.66,-4.17,-4.88,-2.44,-4.80,-3.60,-3.64,-3.81,-3.75,-2.76,-3.19,-2.39,-4.09,-1.33,-4.41,-2.12,-2.44,-0.56,-4.11,-0.47,-4.14,-1.29,-3.18,0.09,-2.68,-0.52,-2.34,1.02,-2.20,-0.13,-2.86,4.37,-2.46,3.21,-2.65,2.77,-1.58,3.31,-2.08,4.52,-2.30,4.25,-2.36,4.69,-1.59,5.66,-1.08,5.45,-1.04,5.76,-2.36,5.40,-3.96,5.83,-1.61,7.75,-2.40,7.13,-1.55,5.28,-0.44,3.49,-0.75,3.67,-1.15,4.07,-0.33,2.68,-0.41,5.00,-1.00,7.01,0.10,8.76,0.12,12.21,-0.57,75.32,25.50,42.82,0.91,9.37,0.90,9.01,0.84,7.59,-0.25,5.96,1.39,6.44,0.88,7.20,0.58,7.46,1.44,6.94,1.09,7.50,-0.06,7.61,0.26,7.74,1.17,7.85,-0.23,8.66,1.59,6.63,0.15,6.60,1.42,6.91,-0.45,6.47,0.18,6.04,0.61,6.29,-0.27,6.68,-0.22,5.57,-0.35,5.33,-0.38,6.26,0.26,4.76,0.28,3.93,-0.41,3.39,-0.09,5.95,-1.18,8.41,-0.12,7.68,-0.96,8.05,-0.80,8.26,-0.77,6.83,-1.24,7.76,-1.28,6.41,-1.03,3.26,-0.50
10,5676,69.34,33.59,14.02,14.57,14.26,14.80,14.49,15.03,14.72,15.25,14.95,15.48,15.18,15.71,15.41,15.94,15.64,16.16,15.88,16.39,16.11,16.62,16.34,16.84,16.57,17.07,16.80,17.30,17.03,17.52,17.26,17.75,17.19,17.83,17.13,17.92,17.06,18.00,16.99,18.09,16.92,18.17,16.85,18.26,16.78,18.35,16.71,18.43,16.64,18.52,16.57,18.60,15.79,17.57,15.01,16.54,14.22,15.51,13.44,14.48,12.65,13.45,11.87,12.42,11.08,11.39,9.84,10.06,8.59,8.73,7.35,7.40,6.10,6.07,4.86,4.74,3.61,3.41,2.37,2.08,2.27,2.29,2.18,2.50,2.08,2.71,1.98,2.92,1.89,3.13,1.84,3.03,1.80,2.93,1.76,2.83,1.72,2.73,1.67,2.63,1.42,2.55,1.16,2.47,0.90,2.39,0.64,2.31,2.50,3.84,4.37,5.37,6.23,6.90,8.10,8.43,7.51,8.08,6.92,7.73,6.33,7.39,4.02,6.23,1.71,5.07,-0.60,3.91,1.15,4.29,2.91,4.68,4.66,5.06,5.41,4.63,6.16,4.20,3.71,2.63,1.27,1.06,-1.17,-0.50,-2.10,-2.11,-3.03,-3.72,-3.94,-2.03,-4.86,-0.35,-1.83,2.49,1.20,5.33,-0.12,4.24,-1.43,3.14,-4.76,0.08,-8.10,-2.98,-7.76,-4.63,-7.50,-5.47,-7.24,-6.31,-6.61,-5.33,-5.99,-4.34,-4.46,-5.98,-5.43,-6.98,-5.13,-5.43,-4.84,-3.88,-8.09,-2.45,-5.78,-3.33,-5.81,-5.42,-5.85,-7.52,-11.06,-2.87,-7.11,-2.23,-6.32,-6.02,-7.59,-7.40,-9.67,-5.59,-6.83,-6.05,-4.40,-7.47,-7.19,-5.40,-8.15,-5.81,-4.29,-5.77,-6.59,-4.64,-6.85,-6.31,-7.41,-9.39,-9.11,-10.87,-7.27,-7.25,-5.53,-7.46,-4.62,-6.77,-5.91,-8.30,-6.02,-4.77,-5.34,-3.41,-6.83,-5.91,-6.12,-4.38,-3.69,-6.33,-4.47,-3.52,-3.56,-4.45,-5.93,-4.45,-3.23,-6.02,-4.61,-2.81,-4.68,-3.70,-3.24,-3.94,-2.56,-4.18,-3.08,-3.43,-2.12,-6.39,-1.68,-4.63,-1.57,-6.93,-3.09,-5.65,-4.71,-5.03,-2.78,-5.87,-3.24,-3.79,-3.60,-6.67,-4.82,-7.95,-4.22,-3.43,-3.04,-2.89,-2.89,-5.08,-1.79,-3.22,-0.99,-1.08,-2.95,-5.86,-3.12,-7.24,-2.21,-6.68,-4.20,-6.47,-4.46,-5.94,-4.85,-7.82,-4.65,-6.45,-7.80,-5.22,-4.92,-5.79,-5.37,-4.16,-4.56,-4.55,-4.52,-5.51,-6.26,-5.62,-4.55,-5.51,-2.79,-4.79,-5.55,-4.00,-4.50,-4.96,-3.77,-4.18,-6.08,-5.25,-7.22,-5.30,-5.78,-4.25,-6.83,-4.49,-3.10,-3.73,-4.76,-3.94,-3.70,-2.31,-3.72,-1.86,-5.36,-4.16,-3.35,-2.67,-3.28,-3.20,-3.56,-2.38,-2.55,-3.93,-3.53,-2.86,-3.68,-1.59,-1.80,-2.44,-0.26,-1.99,-0.75,-2.93,-0.44,-3.36,-0.93,-3.12,0.07,-3.41,2.18,-4.79,1.83,-2.32,2.64,-2.46,3.06,-1.58,3.38,-1.93,3.59,-0.87,4.84,-1.66,5.46,-1.92,4.37,-2.12,4.60,-1.96,5.49,-1.20,5.85,-1.70,5.69,-0.54,7.62,-1.56,8.44,-1.89,7.44,-0.42,5.62,-0.17,3.47,-1.55,2.46,-0.42,3.45,-0.41,3.14,-0.38,4.45,-0.12,7.34,-0.11,9.43,-0.82,11.85,-0.03,69.26,19.45,36.36,0.95,9.41,0.61,8.23,-0.25,7.97,0.73,7.33,0.18,5.52,0.89,7.13,0.21,6.33,0.84,7.56,0.38,7.81,1.46,7.92,1.59,8.34,1.06,7.98,1.34,7.97,0.21,6.71,1.57,7.32,0.71,6.88,0.10,5.94,-0.15,5.91,0.54,7.39,-0.19,6.86,-0.11,5.22,0.14,6.14,-0.49,5.78,0.23,4.97,-0.25,3.72,-0.00,3.24,-0.20,5.40,-0.41,7.77,-1.05,8.56,-0.52,8.67,-1.03,7.57,-1.84,7.04,-1.41,8.24,-0.81,6.55,-1.17,3.09,-1.87
11,5683,69.34,38.25,12.53,13.05,13.19,13.72,13.85,14.39,14.51,15.06,15.17,15.73,15.82,16.39,16.48,17.06,17.14,17.73,17.80,18.40,18.46,19.07,19.12,19.74,19.77,20.41,20.43,21.08,21.09,21.75,21.75,22.41,21.99,22.70,22.23,22.98,22.47,23.26,22.72,23.54,22.96,23.82,23.20,24.11,23.44,24.39,23.68,24.67,23.92,24.95,24.16,25.23,23.03,24.20,21.90,23.17,20.76,22.14,19.63,21.11,18.50,20.08,17.37,19.04,16.23,18.01,15.02,16.47,13.80,14.92,12.58,13.37,11.37,11.82,10.15,10.28,8.93,8.73,7.72,7.18,6.44,5.83,5.16,4.48,3.88,3.13,2.60,1.78,1.32,0.43,0.62,0.58,-0.07,0.74,-0.77,0.89,-1.46,1.05,-2.16,1.20,-1.14,2.18,-0.12,3.15,0.90,4.13,1.92,5.11,0.90,4.17,-0.12,3.24,-1.14,2.30,-2.16,1.36,-1.96,1.38,-1.76,1.39,-1.56,1.41,0.87,2.29,3.31,3.17,5.74,4.05,6.81,4.85,7.89,5.65,8.96,6.44,8.84,6.15,8.72,5.85,5.90,3.92,3.09,1.99,0.27,0.06,-2.15,-0.18,-4.58,-0.43,-4.39,0.41,-4.19,1.26,-0.80,3.35,2.60,5.44,1.65,3.27,0.71,1.10,-2.67,-3.20,-6.06,-7.50,-9.52,-7.61,-7.04,-7.54,-4.56,-7.46,-3.87,-6.44,-3.17,-5.42,-4.25,-3.98,-5.60,-5.72,-4.78,-5.73,-3.95,-5.74,-4.09,-4.48,-3.70,-7.69,-4.26,-6.99,-4.82,-6.29,-6.95,-4.46,-4.73,-6.48,-3.61,-7.29,-5.30,-5.59,-4.91,-8.82,-7.15,-6.56,-4.53,-6.11,-5.57,-7.25,-6.12,-5.38,-6.66,-3.79,-6.77,-2.47,-5.46,-1.71,-3.72,-3.17,-3.27,-4.26,-5.22,-4.37,-5.77,-5.70,-2.97,-7.76,-5.95,-6.21,-3.95,-2.90,-3.05,-4.69,-4.41,-8.12,-4.49,-6.57,-4.83,-7.30,-4.25,-5.87,-4.21,-8.36,-5.53,-6.97,-5.06,-8.51,-4.80,-5.72,-4.62,-7.72,-8.28,-7.29,-1.48,-5.50,-5.83,-4.68,-2.09,-4.08,-3.76,-5.21,-3.40,-7.73,-2.48,-4.56,-3.29,-3.33,-4.20,-2.67,-1.40,-4.46,-4.23,-6.06,-3.42,-5.67,-5.90,-4.01,-1.55,-5.81,-4.03,-5.39,-4.68,-5.49,-2.35,-4.87,-2.18,-2.84,-4.18,-6.05,-1.99,-5.44,-4.78,-5.18,-3.38,-6.12,-2.88,-5.63,-2.71,-5.70,-3.71,-3.31,-4.75,-4.93,-6.05,-4.92,-4.20,-4.61,-4.82,-2.31,-2.91,-5.20,-4.91,-5.30,-3.53,-4.75,-4.66,-3.94,-6.11,-5.64,-5.17,-5.48,-4.55,-4.82,-3.64,-3.69,-5.11,-3.95,-6.32,-4.50,-5.21,-3.29,-4.26,-3.89,-4.24,-4.60,-3.49,-4.30,-3.83,-2.76,-2.34,-4.17,-2.82,-3.63,-3.45,-4.13,-2.69,-2.78,-2.16,-2.41,-3.33,-2.82,-1.22,-3.74,-1.78,-2.85,-0.45,-2.49,0.45,-3.98,-2.45,-3.05,1.17,-1.99,0.21,-1.37,1.47,-2.37,2.19,-1.59,2.02,-2.74,1.56,-2.13,3.60,-2.87,4.28,-2.42,3.69,-1.74,3.43,-2.94,5.29,-1.43,6.04,-2.22,6.21,-1.21,7.86,-1.12,7.00,-2.12,9.50,-1.12,6.77,-1.49,4.11,-0.22,4.56,-0.39,2.74,-1.08,3.32,-1.25,3.67,-1.29,4.78,0.09,6.33,-0.14,9.15,0.06,11.48,0.87,69.26,19.62,36.92,1.38,8.57,0.32,8.58,1.47,6.50,-0.01,6.15,0.86,6.58,0.87,5.79,1.31,7.35,1.86,7.23,1.09,6.70,1.25,8.72,1.27,8.37,0.78,8.50,0.54,7.42,0.59,7.11,0.51,6.47,0.80,6.42,0.91,5.90,0.09,6.21,0.08,7.21,-1.33,6.08,0.24,5.63,-0.36,5.59,-0.78,6.32,0.51,6.03,-0.10,3.90,-0.34,3.52,-0.40,5.47,-0.33,8.99,-0.36,8.52,-1.54,8.05,-1.25,7.95,-1.05,8.06,-1.61,8.07,-0.08,5.92,-1.46,3.63,-1.46
12,5691,69.34,33.61,14.07,13.60,14.14,13.78,14.21,13.95,14.28,14.13,14.35,14.30,14.42,14.48,14.49,14.65,14.56,14.83,14.63,15.00,14.70,15.18,14.77,15.35,14.83,15.53,14.90,15.70,14.97,15.87,15.04,16.05,15.21,16.29,15.38,16.53,15.55,16.77,15.72,17.01,15.88,17.25,16.05,17.48,16.22,17.72,16.39,17.96,16.56,18.20,16.72,18.44,15.85,17.80,14.97,17.17,14.09,16.53,13.22,15.89,12.34,15.25,11.46,14.61,10.59,13.98,10.48,12.98,10.37,11.99,10.27,11.00,10.16,10.00,10.05,9.01,9.95,8.02,9.84,7.02,8.41,5.91,6.98,4.79,5.54,3.67,4.11,2.56,2.68,1.44,2.00,1.08,1.32,0.72,0.65,0.35,-0.03,-0.01,-0.71,-0.37,-0.32,0.19,0.07,0.76,0.47,1.32,0.86,1.88,0.97,1.90,1.09,1.92,1.20,1.95,1.32,1.97,0.83,0.11,0.35,-1.74,-0.14,-3.59,-0.03,-2.95,0.07,-2.31,0.18,-1.66,2.73,0.94,5.27,3.55,7.82,6.16,8.62,6.62,9.42,7.07,7.07,4.22,4.72,1.36,2.38,-1.50,-1.09,-2.71,-4.55,-3.92,-3.82,-3.55,-3.08,-3.18,-0.18,0.09,2.72,3.36,1.43,1.54,0.14,-0.29,-4.25,-3.79,-8.65,-7.29,-10.12,-5.06,-8.75,-4.92,-7.38,-4.78,-6.07,-5.02,-4.77,-5.26,-9.18,-8.23,-5.51,-10.38,-4.41,-8.24,-3.31,-6.10,-3.28,-4.48,-5.27,-4.62,-4.52,-5.24,-3.78,-5.85,-3.20,-7.95,-5.84,-7.72,-4.43,-7.17,-5.16,-5.03,-6.95,-4.67,-6.31,-5.40,-7.50,-6.86,-7.14,-3.83,-9.08,-3.28,-8.43,-2.98,-8.44,-6.43,-6.81,-6.99,-6.76,-4.04,-6.09,-2.78,-4.36,-5.35,-5.35,-2.61,-5.64,-4.74,-5.63,-5.34,-5.42,-7.24,-2.89,-7.57,-2.45,-4.87,-3.43,-6.69,-7.65,-9.22,-4.61,-6.13,-2.98,-6.14,-6.09,-3.63,-6.92,-4.64,-2.99,-5.12,-2.64,-7.02,-5.32,-6.39,-1.34,-5.30,-3.44,-4.44,-3.92,-5.22,-3.07,-4.75,-4.27,-4.74,-5.17,-7.18,-2.88,-6.45,-2.22,-3.32,-2.98,-3.44,-2.64,-6.21,-5.66,-4.12,-3.69,-5.23,-0.40,-3.84,-1.99,-6.62,-3.07,-5.89,0.32,-4.83,-3.72,-5.03,-3.45,-4.40,-2.87,-7.06,-3.51,-6.25,-4.35,-4.50,-5.60,-4.43,-5.72,-6.03,-4.38,-7.25,-4.08,-4.18,-6.45,-1.98,-3.94,-5.31,-4.78,-5.40,-5.24,-4.09,-4.38,-4.94,-2.27,-5.07,-3.29,-4.53,-3.47,-6.06,-4.97,-4.02,-4.44,-4.30,-4.84,-3.45,-3.72,-4.34,-3.78,-4.54,-5.06,-3.14,-4.95,-4.55,-2.32,-4.87,-3.91,-3.67,-3.10,-3.35,-3.51,-4.10,-5.20,-4.11,-4.50,-4.36,-3.88,-1.60,-2.74,-3.87,-2.93,-1.42,-2.49,-2.83,-2.15,-1.71,-0.05,-3.20,-0.95,-3.44,0.72,-4.66,-0.17,-3.51,0.96,-2.23,1.51,-2.56,3.08,-3.60,2.45,-2.19,0.68,-2.39,3.25,-2.99,4.19,-1.40,4.30,-2.13,5.96,-1.99,5.13,-2.15,5.95,-1.12,5.79,-0.94,5.93,-1.10,6.61,-0.97,8.61,-1.34,7.65,-0.78,3.71,-2.00,2.84,-0.96,2.59,-0.04,2.08,-0.02,3.04,0.24,3.87,-0.37,6.86,-0.78,8.87,0.27,12.36,0.01,69.26,19.61,36.31,0.35,9.53,0.30,8.30,0.94,7.12,0.58,7.15,0.71,4.98,-0.02,6.85,0.46,7.46,1.06,7.78,0.97,8.15,0.36,8.59,0.77,8.10,0.87,7.12,0.70,7.00,0.77,7.17,0.96,6.90,0.17,8.21,0.45,5.53,0.32,6.63,0.93,6.87,0.37,7.44,-0.24,5.71,0.45,5.63,-0.18,6.13,0.23,6.27,0.38,3.22,-0.24,2.74,-0.32,5.75,-0.17,8.35,-1.10,7.88,-1.12,9.18,-1.24,7.60,-1.47,7.02,-0.91,8.51,-0.79,5.78,-1.10,3.19,-1.70
13,5698,63.21,40.01,15.85,16.97,16.32,17.39,16.79,17.82,17.26,18.25,17.73,18.68,18.20,19.11,18.67,19.54,19.14,19.96,19.61,20.39,20.08,20.82,20.55,21.25,21.02,21.68,21.49,22.11,21.96,22.54,22.43,22.96,22.83,23.41,23.22,23.85,23.62,24.30,24.01,24.74,24.41,25.19,24.80,25.63,25.20,26.08,25.59,26.52,25.99,26.97,26.38,27.41,25.53,26.53,24.69,25.64,23.84,24.75,22.99,23.86,22.15,22.98,21.30,22.09,20.45,21.20,17.90,18.74,15.34,16.27,12.78,13.80,10.23,11.34,7.67,8.87,5.11,6.41,2.56,3.94,2.40,3.85,2.24,3.75,2.08,3.66,1.92,3.57,1.76,3.48,0.45,2.79,-0.85,2.10,-2.16,1.41,-3.47,0.73,-4.78,0.04,-4.08,-0.15,-3.39,-0.34,-2.69,-0.54,-2.00,-0.73,-2.01,-1.63,-2.03,-2.53,-2.04,-3.43,-2.05,-4.33,-2.68,-5.44,-3.31,-6.55,-3.94,-7.66,-3.22,-4.84,-2.50,-2.02,-1.78,0.79,0.59,2.17,2.96,3.54,5.33,4.91,5.49,4.91,5.65,4.91,3.36,2.93,1.07,0.94,-1.22,-1.04,-2.20,-1.12,-3.18,-1.19,-2.57,-1.92,-1.95,-2.64,0.33,0.94,2.62,4.51,1.62,3.08,0.62,1.65,-2.44,-0.58,-5.51,-2.81,-8.03,0.67,-6.59,-0.24,-5.14,-1.16,-3.45,-3.06,-1.75,-4.96,-7.95,-9.08,-7.22,-6.47,-5.63,-6.75,-4.04,-7.03,-3.34,-3.89,-6.65,-1.01,-6.03,-1.61,-5.42,-2.22,-4.60,-1.72,-3.23,-6.75,-3.24,-3.19,-4.59,-3.61,-4.53,-6.84,-5.28,-6.22,-9.91,-5.13,-6.07,-5.02,-7.39,-5.68,-7.79,-7.80,-5.34,-6.53,-2.56,-3.15,-3.04,-8.25,-5.95,-4.22,-5.42,-4.97,-6.58,-6.33,-9.21,-8.23,-7.55,-5.83,-5.00,-6.52,-6.26,-8.84,-7.80,-7.06,-4.15,-6.82,-4.68,-4.86,-6.03,-7.77,-5.49,-7.23,-5.64,-5.44,-3.98,-4.40,-4.61,-6.60,-4.03,-6.50,-5.55,-6.65,-1.43,-5.12,-1.82,-4.63,-1.80,-6.30,-3.20,-5.14,-4.98,-3.98,-3.44,-4.37,-4.06,-5.76,-6.34,-4.54,-2.00,-2.58,-3.48,-3.70,-0.92,-4.38,-4.96,-5.29,-2.91,-5.12,-4.70,-4.67,-3.02,-7.14,-1.18,-6.06,-1.94,-2.96,-3.42,-3.52,-4.31,-5.39,-5.01,-3.55,-5.47,-5.21,-5.18,-5.35,-4.40,-5.57,-3.13,-4.72,-4.81,-4.59,-5.56,-1.86,-4.79,-3.53,-4.71,-5.00,-2.62,-4.82,-3.24,-5.41,-6.10,-5.62,-4.79,-4.36,-6.43,-5.35,-5.79,-5.53,-3.15,-5.91,-5.51,-5.54,-5.77,-4.64,-3.07,-2.97,-4.71,-4.15,-5.01,-3.49,-4.63,-3.81,-3.97,-2.83,-2.36,-3.74,-5.29,-3.21,-4.15,-3.28,-2.71,-3.41,-2.38,-3.41,-5.08,-4.94,-1.74,-2.69,-0.71,-3.25,-2.27,-4.12,-1.41,-4.78,-0.40,-2.75,-1.14,-4.10,1.21,-3.85,-0.06,-2.42,3.54,-4.32,2.30,-2.66,2.91,-1.34,1.09,-2.43,2.92,-2.02,3.88,-1.77,3.64,-2.20,4.73,-1.52,5.73,-2.81,4.86,-2.76,6.36,0.15,5.68,-1.46,7.85,-1.65,8.81,-1.62,7.55,-0.68,5.43,-0.02,3.38,-0.52,3.07,-0.14,2.62,-1.59,3.78,-0.84,4.91,0.46,6.61,-0.41,9.00,0.38,11.79,-0.64,63.11,13.71,30.96,0.97,10.91,-0.08,8.35,-0.05,7.64,0.81,5.78,0.10,6.21,0.55,6.37,1.43,7.10,0.07,7.48,0.94,7.26,0.76,8.10,1.25,8.21,0.03,9.13,0.28,8.55,0.29,7.86,1.35,7.34,0.84,6.78,0.62,6.78,-0.16,6.35,0.39,6.06,-0.59,6.60,-0.28,6.51,0.23,5.72,-0.24,5.95,0.04,5.23,-0.90,4.27,-0.01,2.95,-0.63,5.54,-0.33,7.77,-0.11,8.49,-1.35,8.33,-1.36,7.77,-0.81,7.94,-0.92,8.21,-0.20,6.46,-1.31,3.35,-1.24
14,5705,63.20,39.18,14.49,15.35,14.98,15.88,15.46,16.40,15.94,16.93,16.42,17.46,16.91,17.98,17.39,18.51,17.87,19.04,18.36,19.56,18.84,20.09,19.32,20.62,19.81,21.14,20.29,21.67,20.77,22.20,21.25,22.73,21.55,23.11,21.84,23.50,22.13,23.89,22.42,24.28,22.71,24.67,23.00,25.06,23.30,25.44,23.59,25.83,23.88,26.22,24.17,26.61,23.61,25.96,23.05,25.30,22.49,24.65,21.93,24.00,21.37,23.34,20.81,22.69,20.25,22.04,18.05,19.70,15.84,17.36,13.63,15.02,11.43,12.69,9.22,10.35,7.01,8.01,4.80,5.67,3.93,4.75,3.06,3.82,2.18,2.90,1.31,1.97,0.44,1.05,0.07,0.62,-0.29,0.19,-0.66,-0.25,-1.02,-0.68,-1.39,-1.11,-1.00,-0.13,-0.60,0.86,-0.21,1.84,0.18,2.82,-0.67,2.45,-1.51,2.08,-2.36,1.70,-3.21,1.33,-4.15,-0.22,-5.09,-1.77,-6.03,-3.32,-4.08,-3.24,-2.14,-3.16,-0.20,-3.09,1.79,-0.89,3.78,1.30,5.76,3.49,6.18,3.80,6.61,4.10,4.27,2.02,1.93,-0.05,-0.40,-2.13,-2.11,-3.33,-3.81,-4.52,-3.54,-3.29,-3.28,-2.06,-0.16,1.54,2.96,5.14,1.05,3.46,-0.87,1.79,-4.33,-3.72,-7.78,-9.22,-7.68,-1.09,-5.62,-0.55,-3.55,-0.01,-6.08,-2.33,-8.60,-4.65,-5.95,-7.23,-6.77,-4.99,-6.95,-5.05,-7.13,-5.11,-5.89,-3.25,-6.78,-5.15,-9.20,-7.05,-11.62,-8.94,-5.81,-9.69,-5.27,-5.87,-5.44,-8.39,-7.14,-7.94,-4.94,-8.50,-5.34,-7.81,-6.55,-5.98,-7.89,-6.97,-4.59,-8.35,-3.44,-9.29,-3.49,-2.23,-4.04,-4.88,-4.52,-8.04,-3.78,-9.19,-5.70,-6.87,-2.09,-5.50,-5.21,-9.44,-7.20,-6.49,-6.24,-8.98,-5.51,-8.69,-4.51,-6.53,-3.03,-2.63,-4.02,-5.19,-3.95,-6.85,-2.90,-9.07,-2.34,-8.83,-2.07,-5.60,-2.12,-4.31,-2.78,-2.84,-2.90,-5.83,-4.58,-4.26,-6.72,-3.62,-3.71,-4.16,-3.60,-3.09,-4.43,-1.81,-2.17,-5.64,-3.69,-2.56,-5.23,-4.20,-2.23,-5.53,-2.23,-2.98,-5.35,-3.15,-4.54,-4.00,-3.79,-7.01,-4.75,-5.36,-3.09,-5.01,-2.02,-7.45,-1.80,-3.58,-3.30,-4.52,-2.03,-6.22,-5.88,-7.23,-3.12,-5.76,-2.90,-8.25,-5.23,-6.30,-1.95,-4.69,-3.02,-3.02,-4.04,-4.39,-4.19,-4.86,-3.75,-5.98,-3.03,-7.15,-5.68,-7.43,-2.90,-6.31,-6.11,-4.72,-6.12,-4.60,-4.06,-4.05,-4.17,-3.94,-5.92,-5.17,-5.21,-5.36,-4.12,-4.08,-3.33,-4.06,-4.06,-5.02,-3.87,-2.87,-3.08,-5.30,-4.74,-3.28,-4.84,-5.11,-3.78,-4.31,-2.26,-3.01,-3.46,-2.34,-3.64,-4.44,-3.51,-5.46,-1.67,-3.54,-1.09,-3.19,-1.18,-4.44,-1.21,-3.06,-0.34,-3.01,0.08,-3.34,1.38,-4.36,1.08,-4.26,3.31,-3.72,1.78,-3.44,1.42,-1.51,3.29,-2.36,5.59,-2.46,4.44,-1.77,5.07,-2.12,3.74,-2.12,5.06,-1.97,5.77,-1.25,5.67,-0.03,6.91,-0.73,7.93,-0.20,7.24,-1.82,4.71,-0.51,3.73,0.38,3.68,-0.74,2.45,-0.29,5.00,-2.11,5.37,-0.45,7.15,1.57,8.40,0.28,11.08,-0.33,63.11,13.88,29.96,0.65,9.26,1.13,8.30,0.98,6.83,0.55,6.59,-0.66,6.54,0.70,5.62,0.93,7.75,1.77,8.05,0.69,6.77,0.45,8.67,1.30,7.68,1.29,7.88,0.28,6.98,1.40,6.02,0.08,7.13,1.22,6.98,0.99,6.71,0.19,6.48,0.27,7.21,0.06,6.49,-0.11,5.65,-1.23,5.81,0.15,6.44,1.09,5.21,-0.25,3.58,-0.39,4.26,-0.58,5.31,-0.37,8.35,-0.36,9.66,-0.85,8.16,-0.64,8.31,-1.00,7.03,-0.85,8.28,-0.97,6.00,-1.12,3.23,-1.17
15,5713,63.20,38.17,18.74,19.61,18.78,19.69,18.82,19.77,18.85,19.86,18.89,19.94,18.93,20.02,18.96,20.11,19.00,20.19,19.04,20.27,19.08,20.36,19.11,20.44,19.15,20.52,19.19,20.61,19.22,20.69,19.26,20.78,18.92,20.61,18.58,20.45,18.24,20.29,17.90,20.13,17.56,19.97,17.21,19.80,16.87,19.64,16.53,19.48,16.19,19.32,15.85,19.16,15.21,18.63,14.57,18.10,13.93,17.57,13.29,17.04,12.65,16.51,12.01,15.99,11.37,15.46,10.26,14.62,9.16,13.78,8.05,12.95,6.94,12.11,5.83,11.27,4.73,10.43,3.62,9.60,2.87,8.31,2.11,7.02,1.36,5.73,0.61,4.44,-0.15,3.15,-0.63,2.66,-1.11,2.18,-1.59,1.70,-2.07,1.22,-2.55,0.74,-1.61,0.94,-0.66,1.14,0.29,1.34,1.23,1.54,0.72,0.84,0.21,0.15,-0.30,-0.55,-0.81,-1.24,-1.32,-2.39,-1.82,-3.54,-2.32,-4.68,-1.35,-3.58,-0.38,-2.47,0.59,-1.36,2.47,0.82,4.35,3.00,6.23,5.18,6.38,4.99,6.53,4.79,4.34,1.52,2.16,-1.75,-0.02,-5.03,-2.40,-5.28,-4.79,-5.53,-3.97,-4.68,-3.16,-3.83,-1.17,0.08,0.82,3.99,-0.69,3.15,-2.20,2.32,-3.52,-1.79,-4.85,-5.91,-6.10,-1.54,-4.07,-1.44,-2.05,-1.34,-2.09,-2.99,-2.12,-4.65,-4.84,-8.28,-3.26,-7.90,-3.58,-6.90,-3.90,-5.90,-8.22,-3.80,-7.50,-4.91,-5.84,-5.49,-4.17,-6.07,-4.16,-5.30,-5.55,-8.70,-5.12,-6.03,-4.88,-6.56,-6.96,-4.46,-8.43,-3.85,-8.15,-4.60,-6.59,-4.30,-8.57,-7.42,-8.13,-4.13,-6.92,-5.58,-9.06,-8.06,-9.47,-5.76,-7.60,-5.91,-8.31,-4.44,-7.49,-3.37,-5.26,-5.20,-6.01,-5.92,-7.83,-4.53,-5.91,-7.00,-4.22,-3.22,-4.01,-5.20,-5.16,-3.22,-3.94,-3.82,-2.61,-5.97,-4.78,-7.61,-6.39,-8.26,-4.57,-3.51,-5.98,-3.42,-5.08,-6.57,-6.90,-4.48,-6.40,-4.45,-4.33,-5.40,-5.25,-4.02,-2.74,-6.70,-2.77,-4.99,-3.19,-4.15,-3.76,-3.58,-4.08,-5.36,-3.23,-6.76,-0.46,-7.19,-3.56,-7.32,-3.19,-4.03,-0.37,-5.00,-2.11,-4.20,-0.67,-7.78,-1.56,-3.95,-4.84,-5.52,-2.94,-3.32,-2.64,-3.82,-3.41,-4.74,-3.99,-6.52,-5.42,-7.23,-3.60,-5.46,-6.81,-5.29,-4.84,-3.88,-4.18,-5.16,-3.62,-7.17,-6.32,-4.36,-3.25,-5.01,-3.15,-4.43,-3.28,-1.97,-5.49,-1.97,-5.30,-4.83,-4.02,-4.36,-3.24,-4.67,-4.63,-3.72,-5.27,-4.74,-5.00,-4.84,-4.11,-4.37,-5.28,-5.33,-2.77,-4.30,-4.45,-4.62,-4.84,-4.01,-3.65,-3.73,-2.40,-6.70,-2.49,-3.59,-3.64,-3.74,-2.25,-3.50,-2.34,-5.01,-1.53,-4.48,-2.04,-2.98,-0.07,-3.94,-0.08,-1.68,0.11,-3.18,-0.08,-1.96,1.29,-3.35,1.49,-3.07,2.91,-2.05,2.42,-1.83,2.78,-2.17,2.27,-1.77,3.76,-2.62,3.83,-1.03,5.36,-1.53,5.85,-1.04,5.75,-0.76,5.79,-1.92,6.91,-2.18,7.86,-1.98,7.31,-1.19,4.08,-0.59,2.75,-0.14,2.67,-0.38,3.24,-0.44,4.65,-1.33,4.76,-0.48,8.44,-0.80,8.82,-0.17,12.14,0.37,63.11,13.57,30.28,0.17,9.61,0.41,8.25,0.28,6.40,0.20,5.70,0.56,6.10,1.36,6.69,0.68,6.87,0.29,8.18,0.98,7.75,0.81,7.77,1.39,7.72,0.52,8.15,0.55,7.43,0.41,7.21,0.66,6.84,1.02,6.80,0.13,6.37,0.91,5.75,-0.85,6.77,0.21,6.92,-0.45,4.85,0.66,4.41,0.07,5.54,-0.71,5.09,-0.12,4.02,-0.77,3.35,-0.90,5.03,-0.57,8.24,-0.58,8.91,-0.64,7.23,-0.48,7.24,-1.58,7.56,-1.08,8.75,-0.64,5.84,-0.86,3.65,-0.79
16,5722,56.93,35.46,15.66,16.82,15.85,16.96,16.05,17.11,16.24,17.25,16.44,17.39,16.63,17.54,16.83,17.68,17.03,17.83,17.22,17.97,17.42,18.12,17.61,18.26,17.81,18.40,18.00,18.55,18.20,18.69,18.40,18.84,18.31,18.92,18.22,19.00,18.13,19.09,18.04,19.17,17.95,19.25,17.87,19.34,17.78,19.42,17.69,19.50,17.60,19.59,17.51,19.67,16.94,19.11,16.36,18.56,15.79,18.00,15.21,17.44,14.64,16.89,14.06,16.33,13.49,15.78,12.30,14.43,11.10,13.07,9.91,11.72,8.72,10.37,7.52,9.02,6.33,7.67,5.13,6.32,4.89,5.69,4.65,5.06,4.40,4.44,4.16,3.81,3.91,3.18,3.09,2.16,2.27,1.14,1.45,0.13,0.63,-0.89,-0.19,-1.91,0.32,-1.77,0.83,-1.63,1.34,-1.48,1.85,-1.34,1.20,-1.24,0.56,-1.15,-0.08,-1.05,-0.72,-0.95,-2.22,-1.12,-3.71,-1.30,-5.20,-1.47,-3.13,-1.29,-1.06,-1.11,1.01,-0.93,2.68,1.37,4.35,3.67,6.02,5.97,6.52,6.24,7.03,6.50,5.05,3.98,3.06,1.45,1.08,-1.08,0.50,-0.23,-0.07,0.61,-1.27,1.09,-2.48,1.57,0.52,3.21,3.51,4.85,2.13,2.98,0.74,1.11,-2.73,-2.10,-6.19,-5.31,-6.51,-2.85,-7.04,-2.09,-7.58,-1.32,-7.60,-1.98,-7.63,-2.63,-4.27,-5.50,-7.48,-5.91,-7.64,-5.62,-7.80,-5.34,-4.27,-3.17,-3.34,-3.82,-3.36,-4.84,-3.38,-5.86,-5.75,-5.11,-6.14,-6.64,-3.46,-5.05,-4.65,-3.49,-5.18,-5.17,-4.74,-7.65,-4.18,-8.00,-2.44,-9.38,-4.15,-6.65,-3.10,-4.09,-3.39,-3.15,-5.70,-5.74,-5.39,-5.71,-2.72,-9.57,-5.18,-7.25,-5.12,-7.71,-6.48,-4.73,-6.81,-4.59,-3.28,-8.88,-6.90,-4.85,-4.60,-5.30,-5.41,-7.08,-3.24,-7.53,-1.59,-9.82,-4.00,-5.66,-6.83,-4.18,-5.48,-3.20,-2.62,-2.62,-2.00,-3.31,-0.63,-5.99,-5.00,-2.80,-4.12,-3.73,-3.90,-4.48,-1.71,-4.90,-3.18,-7.59,-0.29,-7.60,-3.09,-5.40,-4.53,-3.85,-1.40,-4.57,-0.91,-4.31,-2.49,-4.69,-4.46,-4.93,-2.78,-3.79,-3.11,-5.84,-3.14,-7.80,-4.31,-4.93,-4.06,-5.57,-2.02,-4.08,-2.63,-3.59,-4.21,-3.97,-2.46,-6.27,-3.43,-5.34,-4.61,-5.45,-3.64,-3.76,-2.78,-4.33,-3.44,-6.58,-3.20,-5.06,-5.41,-5.98,-3.62,-4.28,-3.34,-3.23,-2.86,-4.42,-5.68,-7.38,-4.25,-5.17,-3.26,-3.50,-3.95,-3.35,-5.26,-5.19,-5.61,-4.58,-4.44,-5.06,-5.21,-5.53,-5.04,-5.18,-3.01,-3.52,-2.28,-4.15,-2.98,-4.65,-3.81,-3.88,-3.72,-3.67,-2.91,-3.83,-3.05,-2.88,-1.81,-3.45,-1.39,-3.21,-2.50,-4.26,-2.54,-3.52,-1.15,-4.20,-1.72,-3.65,-0.60,-3.42,-0.69,-4.80,1.46,-2.99,2.05,-3.56,2.36,-2.99,2.41,-3.41,2.71,-2.69,3.00,-1.39,2.91,-1.99,5.26,-2.42,6.25,-1.07,4.80,-3.49,5.58,0.10,6.43,-1.86,5.90,-1.66,6.03,-0.14,8.77,-1.24,6.22,-0.78,4.60,-0.39,3.18,-1.82,3.50,-1.26,2.97,-1.03,3.69,-0.05,4.23,0.32,6.87,-0.39,9.24,-0.88,10.93,-0.47,56.83,8.26,24.13,0.39,9.83,0.25,7.82,0.70,7.51,1.29,6.12,0.89,5.55,0.05,7.27,0.15,7.91,1.64,6.78,0.21,7.48,0.72,7.90,0.92,7.93,1.04,8.55,0.60,8.05,0.45,6.80,0.48,7.22,0.77,6.75,1.37,5.57,-1.08,6.04,0.34,6.98,0.41,6.75,-0.21,5.68,-0.15,4.94,-0.28,5.73,0.40,5.32,-0.45,3.85,0.14,4.14,-1.13,5.61,-0.42,7.83,-0.57,8.69,-1.38,8.25,-1.60,7.85,-0.93,7.28,-1.01,7.63,-0.44,5.87,-0.79,3.40,-1.25
17,5729,56.93,35.77,15.32,15.85,15.69,16.23,16.07,16.62,16.44,17.01,16.81,17.40,17.19,17.78,17.56,18.17,17.93,18.56,18.31,18.95,18.68,19.33,19.05,19.72,19.42,20.11,19.80,20.50,20.17,20.88,20.54,21.27,20.38,21.17,20.22,21.07,20.07,20.96,19.91,20.86,19.75,20.76,19.59,20.66,19.43,20.55,19.27,20.45,19.11,20.35,18.95,20.24,17.38,19.09,15.80,17.94,14.23,16.78,12.66,15.63,11.08,14.47,9.51,13.32,7.94,12.16,7.56,11.44,7.18,10.71,6.80,9.99,6.43,9.26,6.05,8.53,5.67,7.81,5.29,7.08,4.20,5.54,3.11,4.00,2.02,2.46,0.93,0.92,-0.16,-0.62,-0.47,-0.51,-0.79,-0.41,-1.11,-0.30,-1.43,-0.20,-1.75,-0.09,-1.68,0.70,-1.62,1.48,-1.55,2.27,-1.49,3.06,-1.84,2.14,-2.20,1.23,-2.56,0.32,-2.91,-0.59,-3.21,-2.31,-3.51,-4.04,-3.81,-5.76,-3.05,-3.49,-2.29,-1.21,-1.53,1.07,1.22,3.32,3.97,5.57,6.73,7.83,7.48,7.87,8.23,7.91,6.12,4.97,4.00,2.03,1.89,-0.92,-0.65,-3.07,-3.19,-5.22,-2.86,-5.22,-2.52,-5.22,-0.36,-0.04,1.80,5.15,0.08,4.09,-1.65,3.04,-3.15,-0.16,-4.66,-3.36,-3.77,-2.10,-4.32,-1.74,-4.88,-1.39,-5.61,-1.89,-6.34,-2.39,-9.81,-3.12,-10.01,-3.75,-9.05,-4.60,-8.09,-5.45,-4.68,-5.95,-2.86,-4.43,-3.45,-5.52,-4.03,-6.61,-6.58,-3.99,-5.33,-4.45,-4.14,-5.49,-6.52,-6.92,-7.23,-7.74,-4.18,-4.09,-4.65,-4.98,-2.86,-4.82,-3.83,-4.31,-5.75,-5.80,-5.09,-5.48,-5.94,-6.78,-4.30,-5.32,-6.39,-4.72,-6.93,-5.71,-5.67,-6.62,-4.64,-5.99,-6.39,-5.33,-7.64,-5.11,-5.33,-8.29,-5.25,-7.36,-4.46,-6.23,-6.86,-9.35,-4.81,-4.92,-2.75,-3.27,-7.48,-4.87,-5.83,-6.62,-4.23,-5.90,-2.65,-7.28,-4.15,-2.64,-5.19,-4.06,-3.29,-7.03,-3.82,-4.69,-5.31,-5.08,-5.31,-5.99,-2.26,-5.83,-3.61,-6.38,-3.24,-6.21,-4.40,-5.39,-3.78,-5.21,-7.21,-3.99,-2.57,-4.15,-2.41,-5.79,-3.59,-7.33,-5.16,-6.62,-4.49,-5.28,-4.23,-4.91,-4.42,-6.29,-5.48,-6.35,-5.23,-6.18,-1.96,-6.62,-4.96,-5.26,-5.03,-4.30,-3.16,-5.98,-4.64,-3.19,-4.48,-4.11,-7.57,-6.58,-4.58,-5.81,-5.29,-4.89,-6.65,-6.01,-3.59,-4.07,-4.85,-4.84,-6.55,-5.47,-3.46,-4.93,-4.96,-3.93,-4.92,-3.32,-2.98,-5.39,-3.97,-5.64,-5.17,-5.67,-3.81,-5.10,-2.61,-4.17,-1.98,-5.79,-2.13,-4.41,-1.10,-4.34,-3.55,-3.37,-3.23,-4.04,-3.50,-3.68,-3.12,-3.10,-1.85,-4.81,-1.47,-4.82,-2.34,-3.90,-2.23,-3.47,-0.23,-3.39,0.12,-4.34,1.08,-3.53,1.37,-2.00,1.70,-3.68,2.89,-3.69,2.90,-3.88,1.53,-2.44,1.46,-2.22,5.68,-2.81,4.08,-2.13,5.60,-2.69,5.57,-1.97,4.59,-2.24,6.06,-2.36,6.57,-1.81,6.47,-3.04,8.59,-2.13,6.75,-0.38,5.52,-0.30,3.03,-1.99,2.90,-1.19,2.68,-1.10,2.73,-0.29,4.88,0.26,6.64,0.15,9.97,0.42,11.19,-0.14,56.82,7.89,24.26,-0.20,10.30,-1.02,9.15,1.38,6.06,0.78,6.48,1.06,6.11,-0.25,5.82,1.16,7.87,0.30,7.46,1.28,7.10,0.68,7.69,1.12,7.49,2.07,8.37,0.71,7.17,0.12,7.74,-0.04,6.79,0.38,6.63,0.35,6.43,0.77,7.07,-0.49,6.49,0.42,6.76,0.47,5.25,-0.23,5.72,0.01,5.41,-0.41,5.53,-0.11,5.00,-0.30,4.17,-1.12,5.54,-1.31,8.08,-0.80,8.21,-1.25,8.15,-1.33,7.39,-1.66,7.83,-0.65,7.29,-0.73,6.14,-0.51,3.50,-0.72
18,5737,56.94,36.75,14.60,15.30,14.86,15.55,15.12,15.80,15.38,16.04,15.64,16.29,15.90,16.54,16.16,16.79,16.42,17.04,16.68,17.29,16.94,17.54,17.20,17.79,17.46,18.03,17.72,18.28,17.98,18.53,18.24,18.78,18.36,18.97,18.49,19.16,18.62,19.35,18.75,19.54,18.88,19.74,19.01,19.93,19.14,20.12,19.27,20.31,19.40,20.50,19.53,20.69,18.30,20.06,17.07,19.43,15.84,18.79,14.60,18.16,13.37,17.53,12.14,16.89,10.91,16.26,9.97,15.25,9.02,14.25,8.08,13.24,7.14,12.23,6.20,11.22,5.26,10.21,4.32,9.20,2.87,7.21,1.43,5.22,-0.02,3.22,-1.46,1.23,-2.91,-0.76,-2.51,-0.64,-2.11,-0.51,-1.72,-0.38,-1.32,-0.25,-0.92,-0.12,-0.36,0.31,0.20,0.75,0.76,1.19,1.32,1.63,0.93,1.52,0.53,1.41,0.14,1.30,-0.25,1.19,-1.40,-0.39,-2.55,-1.96,-3.70,-3.54,-2.42,-3.43,-1.13,-3.33,0.16,-3.22,2.65,-0.80,5.15,1.63,7.65,4.05,8.01,4.42,8.37,4.79,5.56,2.26,2.76,-0.27,-0.05,-2.79,-2.92,-2.68,-5.79,-2.56,-3.74,-0.68,-1.69,1.20,0.79,3.41,3.27,5.61,1.73,3.56,0.19,1.52,-3.99,-2.27,-8.17,-6.05,-8.26,-4.45,-6.99,-4.27,-5.71,-4.08,-5.08,-4.62,-4.45,-5.16,-6.93,-4.67,-10.30,-4.90,-9.66,-5.24,-9.03,-5.58,-7.10,-1.43,-5.15,-3.30,-6.03,-4.74,-6.91,-6.18,-6.44,-5.13,-4.90,-5.17,-2.14,-5.43,-3.47,-5.60,-5.97,-7.42,-6.12,-6.90,-6.06,-8.41,-4.53,-6.07,-7.52,-5.78,-5.15,-6.73,-5.07,-5.17,-6.78,-5.66,-9.88,-2.38,-8.62,-3.06,-2.44,-3.01,-4.03,-5.10,-7.30,-8.43,-2.76,-5.26,-6.00,-8.72,-6.57,-7.47,-4.85,-7.57,-2.22,-5.49,-4.93,-7.30,-1.88,-5.30,-3.92,-3.26,-5.38,-3.28,-5.69,-2.31,-6.38,-5.25,-5.09,-6.53,-5.23,-6.75,-1.86,-2.58,-1.79,-6.18,-1.06,-4.66,-3.70,-7.28,-3.01,-4.27,-5.18,-4.83,-4.29,-7.32,-0.51,-5.60,-5.21,-4.49,-3.05,-4.96,-2.38,-6.57,-1.67,-4.96,-2.60,-7.06,-4.72,-5.31,-2.80,-5.27,-3.21,-2.21,-3.89,-6.97,-1.99,-5.72,-4.04,-5.65,-0.65,-6.01,-4.39,-6.05,-3.24,-6.19,-4.13,-5.90,-4.20,-4.46,-4.56,-6.80,-4.95,-2.30,-3.24,-4.61,-4.85,-3.65,-5.81,-3.86,-4.28,-6.02,-3.05,-5.52,-4.87,-6.50,-3.18,-6.11,-3.47,-6.45,-6.03,-5.02,-5.72,-5.69,-4.46,-3.04,-5.43,-4.69,-3.02,-3.03,-4.55,-4.20,-5.20,-3.19,-2.16,-3.36,-3.35,-3.64,-4.50,-5.32,-3.29,-5.11,-4.91,-5.20,-2.41,-3.62,-3.79,-3.07,-3.92,-3.27,-1.16,-4.89,-2.71,-4.62,-2.52,-3.86,0.08,-2.98,-0.69,-3.26,0.60,-1.86,0.81,-2.59,1.28,-2.28,2.87,-2.28,1.70,-3.73,2.89,-2.83,3.33,-1.48,4.96,-3.68,4.84,-1.73,4.55,-0.40,3.39,-1.64,5.95,-2.16,5.90,-1.40,5.95,-1.35,6.80,-1.73,8.27,-1.12,7.26,-1.28,4.47,-0.38,4.11,-0.38,3.58,-0.42,3.14,-0.76,4.06,-2.30,4.35,0.49,6.39,0.26,9.60,1.43,10.19,0.84,56.83,8.32,24.76,1.26,8.95,0.48,7.77,0.73,7.86,0.29,7.17,0.64,6.20,-0.15,5.95,1.02,7.71,1.02,7.58,-0.06,7.73,0.58,8.56,1.47,7.71,1.30,8.03,0.01,7.67,0.56,6.75,0.67,6.17,0.63,6.26,0.84,6.09,0.13,6.78,1.31,6.69,-0.07,7.09,-0.02,5.35,-0.10,5.84,0.37,5.20,-0.58,5.25,-0.42,3.93,-0.19,3.65,-0.07,4.93,-0.58,8.87,-0.45,8.76,-1.27,8.13,-1.34,7.66,-1.08,7.60,-0.62,7.92,-0.64,5.83,-1.51,3.63,-1.31
19,5745,50.69,36.76,16.06,17.74,16.31,17.97,16.56,18.20,16.81,18.44,17.06,18.67,17.31,18.90,17.56,19.13,17.81,19.36,18.06,19.60,18.31,19.83,18.56,20.06,18.81,20.29,19.06,20.53,19.31,20.76,19.56,20.99,19.63,21.00,19.69,21.01,19.75,21.02,19.81,21.02,19.87,21.03,19.94,21.04,20.00,21.05,20.06,21.06,20.12,21.07,20.18,21.08,19.26,20.06,18.33,19.04,17.40,18.02,16.47,17.00,15.55,15.98,14.62,14.96,13.69,13.94,11.89,12.34,10.08,10.75,8.27,9.15,6.46,7.55,4.66,5.95,2.85,4.35,1.04,2.75,0.82,1.80,0.61,0.84,0.39,-0.11,0.17,-1.07,-0.04,-2.03,-0.50,-2.56,-0.96,-3.09,-1.41,-3.61,-1.87,-4.14,-2.33,-4.67,-2.45,-4.29,-2.57,-3.91,-2.69,-3.53,-2.81,-3.15,-2.87,-3.78,-2.94,-4.41,-3.00,-5.04,-3.07,-5.67,-4.14,-4.96,-5.21,-4.26,-6.29,-3.55,-4.59,-2.53,-2.89,-1.51,-1.20,-0.48,1.26,1.30,3.72,3.08,6.19,4.86,5.85,5.53,5.50,6.20,1.64,2.86,-2.22,-0.49,-6.08,-3.84,-6.66,-2.62,-7.23,-1.41,-5.86,-0.38,-4.48,0.66,-1.15,3.33,2.17,6.01,0.64,3.60,-0.89,1.18,-4.21,-1.09,-7.54,-3.36,-6.62,-3.80,-5.76,-3.20,-4.91,-2.61,-5.04,-2.83,-5.17,-3.05,-7.27,-4.61,-4.04,-5.55,-4.69,-4.93,-5.35,-4.32,-8.36,-3.51,-7.44,-4.61,-6.57,-4.64,-5.71,-4.66,-4.98,-5.05,-5.22,-6.71,-4.54,-8.49,-5.63,-4.20,-5.65,-5.86,-4.79,-6.74,-6.63,-7.67,-6.47,-8.91,-7.41,-10.06,-6.48,-10.43,-6.28,-5.62,-5.03,-6.13,-6.12,-11.52,-6.95,-6.26,-7.88,-3.23,-5.56,-3.41,-3.99,-1.41,-4.58,-2.57,-2.79,-6.14,-3.37,-4.31,-4.82,-6.10,-4.30,-5.39,-4.39,-6.52,-6.25,-5.71,-3.30,-3.13,-2.37,-1.60,-3.23,-5.02,-1.26,-5.74,-3.66,-4.70,-7.05,-5.57,-4.08,-5.44,-3.65,-3.94,-3.23,-3.85,-3.31,-4.39,-4.30,-4.42,-0.64,-6.48,-4.07,-5.25,-4.98,-4.04,-3.41,-6.75,-1.55,-5.43,-2.25,-4.77,-5.30,-5.21,-4.58,-4.18,-4.80,-4.87,-2.50,-7.05,-3.11,-6.41,-1.85,-5.66,-1.36,-2.67,-5.52,-6.64,-5.15,-6.26,-2.27,-6.96,-4.28,-7.27,-3.88,-5.57,-3.64,-3.99,-4.40,-4.98,-5.10,-5.26,-4.28,-6.45,-3.57,-4.44,-5.34,-5.82,-6.05,-7.22,-3.85,-5.84,-5.98,-4.45,-4.00,-6.51,-6.69,-5.32,-4.94,-5.67,-3.76,-4.89,-3.82,-4.67,-5.32,-4.35,-4.81,-6.25,-5.59,-3.89,-3.16,-4.70,-4.68,-3.99,-3.50,-3.73,-2.42,-3.26,-3.41,-3.54,-4.77,-4.19,-3.66,-2.65,-2.74,-3.88,-2.66,-4.86,-1.98,-3.42,-1.45,-4.00,1.30,-3.74,0.71,-4.04,-1.57,-3.10,0.31,-2.42,1.90,-3.47,1.58,-4.14,1.97,-1.90,2.37,-3.87,3.46,-2.47,4.27,-1.16,4.23,-1.26,3.35,-2.55,4.36,-1.34,4.87,-1.76,4.95,-2.06,4.80,-0.87,5.77,-0.98,6.99,-1.77,7.14,-0.74,6.94,-0.81,3.54,-1.08,4.41,-0.84,2.93,-0.81,2.31,-0.82,2.80,-0.19,4.01,0.80,6.64,1.30,10.08,0.50,11.33,-0.31,50.47,3.34,18.15,0.15,9.20,-0.81,8.59,-0.41,6.40,0.63,6.49,0.52,5.95,0.84,5.97,1.32,6.87,1.12,7.79,1.68,7.23,1.01,8.10,1.00,8.51,0.77,8.04,1.20,7.44,0.34,6.51,0.75,6.34,1.42,6.58,-0.44,6.19,0.04,6.37,0.48,7.09,0.96,6.41,-0.24,5.76,-0.44,5.71,-0.08,5.50,-0.30,4.76,-0.86,4.30,-0.44,3.48,-0.04,5.69,0.11,8.04,0.25,9.11,-1.43,8.35,-0.69,7.41,-1.31,7.18,-0.66,8.38,-0.83,6.16,-1.07,3.41,-0.88
20,5752,50.68,34.62,13.65,15.20,14.03,15.50,14.42,15.81,14.80,16.12,15.19,16.42,15.58,16.73,15.96,17.03,16.35,17.34,16.73,17.65,17.12,17.95,17.50,18.26,17.89,18.56,18.27,18.87,18.66,19.18,19.05,19.48,19.08,19.36,19.11,19.23,19.15,19.11,19.18,18.99,19.21,18.86,19.25,18.74,19.28,18.62,19.31,18.49,19.35,18.37,19.38,18.25,18.88,17.70,18.37,17.16,17.87,16.62,17.36,16.08,16.85,15.54,16.35,15.00,15.84,14.46,13.72,12.42,11.60,10.38,9.48,8.35,7.36,6.31,5.24,4.28,3.12,2.24,1.00,0.21,0.58,-0.11,0.17,-0.44,-0.24,-0.76,-0.66,-1.08,-1.07,-1.40,-1.06,-1.24,-1.05,-1.08,-1.05,-0.92,-1.04,-0.77,-1.03,-0.61,-0.44,-0.46,0.15,-0.32,0.73,-0.17,1.32,-0.03,0.73,-0.71,0.14,-1.40,-0.45,-2.08,-1.04,-2.76,-3.16,-3.57,-5.29,-4.38,-7.42,-5.18,-5.92,-3.32,-4.42,-1.45,-2.93,0.42,0.05,2.33,3.02,4.23,6.00,6.13,6.52,5.68,7.03,5.23,3.72,1.96,0.41,-1.31,-2.90,-4.58,-4.62,-5.92,-6.34,-7.25,-3.41,-4.42,-0.48,-1.59,2.09,1.95,4.66,5.50,3.29,3.91,1.93,2.31,0.11,-1.99,-1.71,-6.30,-1.83,-5.05,-3.45,-3.62,-5.08,-2.19,-5.91,-1.39,-6.74,-0.59,-7.08,-2.18,-6.11,-4.89,-4.94,-4.91,-3.77,-4.92,-6.08,-0.34,-7.83,-1.44,-7.20,-3.68,-6.57,-5.93,-6.97,-8.62,-7.41,-5.25,-6.91,-4.48,-8.00,-8.16,-8.09,-4.43,-5.20,-3.60,-6.20,-8.08,-8.23,-5.95,-4.12,-4.28,-2.80,-6.11,-6.90,-7.30,-6.45,-4.54,-2.67,-4.99,-4.42,-2.43,-4.86,-3.18,-4.28,-4.44,-4.78,-7.97,-6.26,-7.55,-9.85,-3.72,-9.06,-3.32,-4.08,-5.36,-3.14,-4.91,-4.61,-4.85,-4.04,-6.32,-3.39,-5.40,-2.63,-5.16,-4.49,-5.64,-3.80,-5.54,-5.93,-6.68,-3.06,-4.64,-6.92,-5.37,-2.42,-6.28,-1.82,-2.18,-2.83,-3.04,-5.73,-5.07,-1.31,-3.81,-4.98,-4.57,-5.96,-4.11,-2.99,-4.47,-2.38,-3.40,-3.85,-1.98,-1.58,-3.27,-2.69,-6.29,-4.64,-6.06,-4.32,-4.26,-4.66,-5.70,-3.83,-5.44,-2.48,-4.20,-4.09,-6.08,-7.69,-7.65,-3.89,-5.07,-4.42,-5.86,-4.16,-7.11,-3.39,-6.76,-4.50,-6.78,-5.75,-5.54,-5.23,-4.75,-5.43,-6.47,-5.50,-4.19,-4.64,-4.45,-2.50,-4.37,-5.69,-4.90,-4.77,-6.27,-5.19,-5.01,-5.50,-8.08,-6.30,-5.23,-4.61,-7.32,-4.64,-5.51,-4.10,-4.68,-5.95,-7.37,-5.18,-4.26,-3.87,-4.56,-5.73,-4.12,-4.77,-4.08,-3.95,-4.10,-5.07,-2.89,-2.97,-2.84,-2.82,-5.08,-3.20,-4.94,-1.63,-1.69,-1.59,-4.28,-1.96,-1.80,-1.00,-3.10,0.03,-2.49,-0.70,-3.35,1.55,-2.35,3.03,-1.49,1.84,-2.95,2.30,-1.73,3.59,-4.15,3.91,-2.11,3.31,-2.09,6.00,-2.10,4.36,-1.96,5.63,-1.93,5.11,-1.58,6.85,-1.78,5.56,-1.43,6.68,-1.15,8.27,-1.46,7.02,-0.38,4.61,-0.43,3.17,-0.09,2.96,0.58,2.90,-0.77,3.27,-0.79,5.14,-0.58,7.31,-0.11,7.91,0.95,10.52,0.30,50.49,3.96,18.77,-0.19,9.08,0.65,8.26,-0.30,7.13,1.01,6.97,0.33,5.92,0.75,5.75,0.57,7.36,1.70,6.26,0.37,7.24,0.99,7.87,1.21,8.23,0.27,7.63,0.99,7.14,1.26,7.12,0.50,6.05,0.86,6.59,0.64,6.66,0.10,5.36,0.02,6.88,0.39,6.29,-0.78,6.06,0.00,5.01,0.11,5.69,0.18,5.16,0.02,3.68,0.22,3.42,-0.34,6.26,0.12,7.89,-0.29,9.21,-1.03,9.18,-1.71,8.30,-0.49,7.33,-1.21,7.88,-0.70,5.57,-0.92,3.28,-1.39
21,5759,50.71,36.73,17.26,19.14,17.21,19.00,17.16,18.86,17.11,18.73,17.06,18.59,17.01,18.45,16.96,18.31,16.91,18.17,16.86,18.04,16.81,17.90,16.76,17.76,16.71,17.62,16.65,17.49,16.60,17.35,16.55,17.21,16.75,17.38,16.95,17.54,17.14,17.71,17.34,17.88,17.53,18.04,17.73,18.21,17.92,18.38,18.12,18.54,18.32,18.71,18.51,18.88,18.20,18.46,17.89,18.04,17.57,17.62,17.26,17.20,16.95,16.78,16.64,16.36,16.32,15.95,15.03,14.16,13.73,12.37,12.43,10.58,11.14,8.79,9.84,7.00,8.55,5.22,7.25,3.43,5.91,2.28,4.57,1.13,3.24,-0.02,1.90,-1.17,0.56,-2.32,0.05,-1.66,-0.47,-1.00,-0.98,-0.34,-1.49,0.32,-2.01,0.98,-2.10,1.21,-2.19,1.43,-2.28,1.66,-2.37,1.89,-2.22,1.74,-2.06,1.59,-1.91,1.44,-1.75,1.28,-2.26,0.26,-2.77,-0.76,-3.28,-1.78,-3.10,-1.41,-2.92,-1.04,-2.74,-0.67,0.32,1.69,3.38,4.05,6.43,6.41,6.63,6.27,6.83,6.12,4.30,4.22,1.76,2.31,-0.77,0.40,-1.29,-0.05,-1.80,-0.50,-1.40,-2.56,-1.00,-4.61,0.46,-0.88,1.92,2.84,0.49,1.13,-0.94,-0.59,-2.03,-4.11,-3.13,-7.63,0.30,-7.06,-0.72,-6.73,-1.73,-6.40,-4.65,-6.54,-7.57,-6.68,-5.30,-8.04,-5.34,-1.80,-6.96,-1.11,-8.58,-0.41,-7.95,-1.67,-8.66,-5.44,-9.93,-4.83,-11.20,-4.22,-5.22,-3.06,-5.41,-5.13,-2.52,-4.76,-1.83,-5.62,-4.11,-3.52,-5.56,-4.59,-5.74,-5.51,-4.81,-6.04,-6.73,-6.77,-5.73,-6.41,-4.44,-3.66,-5.45,-2.03,-6.40,-4.80,-7.09,-4.31,-6.31,-1.45,-6.42,-2.76,-8.58,-4.26,-5.63,-6.37,-5.04,-4.18,-5.45,-5.17,-4.80,-6.30,-4.13,-5.58,-2.54,-5.20,-2.14,-7.45,-3.53,-6.54,-5.80,-4.72,-6.06,-5.17,-3.79,-7.35,-2.39,-8.26,-5.31,-6.51,-4.89,-5.15,-3.48,-5.35,-1.09,-3.82,-3.29,-5.21,-3.46,-5.09,-4.68,-5.53,-4.99,-6.98,-4.97,-7.18,-1.75,-5.87,-4.38,-2.61,-4.34,-2.05,-3.37,-5.00,-3.77,-5.48,-1.66,-3.16,-3.75,-4.53,-5.24,-4.02,-4.72,-5.06,-3.74,-5.57,-2.97,-4.87,-0.46,-5.69,-0.82,-6.30,-4.80,-6.96,-4.89,-5.39,-3.40,-5.85,-5.29,-6.32,-4.32,-6.70,-6.30,-3.42,-4.23,-3.28,-4.99,-4.47,-4.53,-4.92,-3.59,-5.10,-4.82,-6.17,-6.42,-6.23,-3.21,-3.47,-4.50,-4.08,-3.92,-4.74,-5.50,-4.52,-5.04,-6.10,-1.71,-5.26,-3.97,-6.64,-3.78,-3.96,-4.93,-3.88,-2.98,-3.85,-4.54,-5.12,-2.74,-2.57,-2.26,-4.15,-3.43,-3.67,-3.03,-2.47,-1.50,-4.20,-3.19,-3.22,0.15,-3.50,-1.24,-4.22,-1.39,-3.08,-0.22,-4.22,-0.17,-3.22,1.54,-1.48,2.79,-1.92,1.63,-3.63,2.99,-2.18,2.49,-2.64,3.77,-1.91,3.38,-2.09,4.42,-2.70,4.53,-2.55,3.05,-2.16,5.89,-2.56,6.74,-1.80,6.55,-1.73,5.83,-0.57,8.18,-0.57,7.34,-0.75,5.87,0.11,3.34,-0.89,2.76,-1.32,2.01,-0.73,3.45,-0.70,5.84,-0.66,5.03,-0.22,9.43,0.25,11.60,1.22,50.48,3.83,18.51,0.26,9.05,1.12,7.60,0.63,6.35,0.36,6.50,-0.52,6.89,1.74,6.34,0.98,6.86,1.42,8.08,2.01,6.74,0.46,7.24,1.74,7.27,1.32,7.36,1.59,7.77,0.64,7.08,0.93,7.23,0.50,6.70,0.53,5.89,-0.00,5.84,0.04,7.77,0.46,7.60,0.39,5.44,-0.43,5.80,-0.25,5.60,0.37,5.31,0.21,4.26,-0.43,3.05,-0.44,5.20,-1.21,8.20,-0.11,8.95,-0.79,8.25,-1.15,7.54,-0.84,7.31,-0.85,7.83,-1.03,5.72,-0.96,2.87,-0.85
22,5768,44.76,37.20,17.53,18.59,17.86,18.84,18.18,19.09,18.50,19.34,18.82,19.59,19.14,19.83,19.46,20.08,19.78,20.33,20.10,20.58,20.43,20.83,20.75,21.08,21.07,21.33,21.39,21.58,21.71,21.83,22.03,22.08,21.88,21.73,21.73,21.38,21.58,21.03,21.42,20.67,21.27,20.32,21.12,19.97,20.97,19.62,20.82,19.27,20.67,18.92,20.51,18.57,19.59,17.63,18.66,16.69,17.73,15.74,16.80,14.80,15.88,13.86,14.95,12.92,14.02,11.97,12.60,11.27,11.18,10.56,9.76,9.86,8.33,9.15,6.91,8.45,5.49,7.74,4.07,7.03,3.62,6.16,3.17,5.29,2.72,4.41,2.27,3.54,1.83,2.67,1.86,1.94,1.90,1.20,1.93,0.47,1.97,-0.26,2.01,-0.99,2.43,-0.25,2.85,0.49,3.27,1.23,3.68,1.97,2.73,1.79,1.77,1.60,0.82,1.42,-0.14,1.23,-1.16,0.92,-2.17,0.60,-3.19,0.29,-2.72,0.77,-2.25,1.26,-1.78,1.74,1.10,3.94,3.98,6.13,6.87,8.33,7.49,8.77,8.12,9.21,6.09,7.17,4.06,5.14,2.03,3.10,0.26,-0.17,-1.51,-3.43,-2.85,-3.48,-4.19,-3.53,-1.19,0.18,1.80,3.88,0.88,2.18,-0.05,0.48,-3.02,-2.75,-6.00,-5.97,-6.56,-7.21,-6.69,-5.90,-6.83,-4.59,-7.03,-3.23,-7.24,-1.88,-9.66,-3.92,-7.93,-4.16,-7.06,-3.50,-6.19,-2.84,-5.50,-3.62,-4.75,-5.18,-5.35,-6.49,-5.94,-7.81,-6.67,-6.54,-5.02,-4.10,-4.84,-4.57,-8.54,-3.66,-9.58,-4.57,-7.16,-3.27,-7.65,-3.49,-8.89,-6.05,-8.63,-7.06,-7.35,-5.22,-4.32,-2.88,-2.75,-3.71,-3.25,-6.34,-6.92,-7.06,-6.64,-5.40,-4.31,-3.94,-8.41,-7.01,-2.83,-4.33,-5.94,-2.58,-5.62,-5.49,-5.14,-5.10,-6.25,-5.07,-8.03,-4.50,-8.19,-4.59,-7.61,-6.21,-6.69,-6.43,-6.46,-7.30,-6.22,-4.76,-1.70,-6.81,-5.10,-4.31,-6.70,-6.52,-5.06,-6.90,-2.09,-2.85,-4.96,-4.14,-3.62,-5.38,-1.44,-3.13,-3.48,-6.06,-2.47,-5.45,-4.31,-4.74,-3.22,-3.41,-2.82,-4.46,-3.55,-1.87,-4.61,-5.69,-3.07,-3.79,-1.89,-6.37,-2.78,-5.52,-5.08,-4.88,-3.12,-5.21,-5.27,-5.88,-2.75,-6.29,-3.01,-5.61,-7.51,-4.60,-3.73,-4.76,-6.83,-5.57,-3.73,-5.08,-3.53,-4.11,-5.26,-4.92,-6.52,-4.69,-4.62,-3.92,-5.08,-3.62,-3.62,-4.54,-4.31,-5.99,-5.07,-5.18,-5.52,-3.11,-4.51,-3.88,-4.47,-4.04,-4.96,-4.60,-6.01,-3.63,-3.14,-4.57,-3.86,-3.96,-2.88,-6.83,-4.23,-4.14,-3.25,-4.01,-3.86,-2.00,-4.14,-4.11,-1.97,-4.99,-2.10,-4.02,-2.49,-3.72,-2.38,-4.12,-4.45,-3.58,-0.92,-2.11,0.52,-3.67,-1.90,-3.08,-0.73,-3.73,0.51,-3.30,0.63,-2.19,1.05,-3.19,2.61,-1.37,3.71,-1.59,1.88,-2.00,3.36,-2.00,4.95,-2.44,4.33,-1.69,4.01,-2.62,5.93,-1.40,5.39,-2.96,5.08,-0.35,5.73,-2.59,6.87,-1.28,8.05,-0.78,7.61,-1.11,4.60,-0.33,3.52,-1.56,3.12,-0.22,3.01,0.32,2.77,0.08,4.65,-1.14,6.85,-0.13,9.29,-0.53,11.86,-0.27,43.84,0.82,14.35,-0.37,9.17,0.44,7.64,1.24,6.23,0.25,5.81,1.39,5.86,0.56,6.34,1.32,7.48,0.83,7.70,1.79,7.15,0.61,7.32,0.16,8.68,0.81,7.98,0.78,8.25,1.52,6.24,-0.06,6.68,0.94,7.00,1.00,6.91,-0.39,7.36,-0.91,7.81,-0.22,6.62,0.25,5.73,-0.24,6.12,-0.59,5.27,0.09,5.40,-0.13,4.66,0.79,3.94,-0.04,6.49,-0.27,7.88,-0.12,8.88,-1.36,8.15,-1.43,8.16,-0.62,7.70,-0.85,8.32,-0.80,5.64,-1.10,3.26,-1.26
23,5774,44.80,38.59,18.62,19.39,18.69,19.51,18.76,19.62,18.83,19.74,18.89,19.85,18.96,19.96,19.03,20.08,19.10,20.19,19.16,20.31,19.23,20.42,19.30,20.53,19.37,20.65,19.43,20.76,19.50,20.87,19.57,20.99,19.45,21.05,19.33,21.11,19.21,21.17,19.08,21.23,18.96,21.29,18.84,21.34,18.72,21.40,18.60,21.46,18.48,21.52,18.36,21.58,17.27,20.80,16.18,20.02,15.10,19.25,14.01,18.47,12.92,17.69,11.83,16.91,10.75,16.13,9.95,14.57,9.16,13.01,8.37,11.45,7.57,9.88,6.78,8.32,5.99,6.76,5.20,5.20,4.83,4.21,4.47,3.21,4.11,2.22,3.74,1.23,3.38,0.24,2.37,0.54,1.36,0.84,0.35,1.14,-0.66,1.43,-1.67,1.73,-1.38,2.64,-1.10,3.55,-0.81,4.46,-0.52,5.37,0.25,5.14,1.01,4.90,1.78,4.66,2.54,4.42,1.34,2.79,0.14,1.16,-1.06,-0.47,-0.95,0.26,-0.84,1.00,-0.74,1.73,1.06,3.31,2.85,4.88,4.64,6.46,5.34,5.12,6.03,3.78,4.48,1.56,2.92,-0.66,1.36,-2.88,0.17,-1.70,-1.01,-0.53,-1.92,-2.30,-2.83,-4.08,0.18,1.09,3.19,6.26,1.57,4.45,-0.04,2.65,-3.79,-1.01,-7.54,-4.67,-3.56,-4.59,-3.45,-4.47,-3.34,-4.35,-4.44,-4.93,-5.55,-5.51,-8.40,-3.09,-6.16,-4.60,-7.10,-6.18,-8.04,-7.77,-7.84,-5.01,-5.52,-6.56,-4.87,-6.10,-4.21,-5.64,-6.35,-4.82,-4.64,-5.61,-4.94,-6.70,-4.20,-4.70,-5.42,-6.64,-4.19,-5.94,-3.11,-5.91,-5.43,-5.06,-2.84,-6.96,-6.20,-6.21,-5.98,-6.20,-4.34,-4.01,-5.86,-3.65,-7.64,-4.69,-4.55,-3.69,-5.02,-5.93,-4.79,-5.74,-4.37,-6.79,-6.27,-9.14,-2.93,-10.62,-4.25,-4.99,-3.26,-3.43,-2.55,-6.88,-3.60,-9.42,-4.72,-6.74,-3.66,-3.98,-2.40,-7.29,-7.04,-5.76,-5.94,-6.27,-2.79,-5.42,0.36,-3.10,-4.93,-4.24,-4.43,-5.43,-1.90,-6.85,-0.55,-3.69,-2.47,-5.04,-4.12,-4.51,-1.98,-4.81,-3.96,-3.91,-3.63,-5.08,-2.18,-3.64,-1.80,-3.57,-3.50,-4.81,-2.04,-3.78,-3.93,-6.18,-3.53,-6.39,-3.74,-4.95,-4.48,-5.66,-4.60,-4.32,-4.16,-5.43,-1.41,-4.76,-3.91,-3.97,-4.24,-6.59,-5.24,-6.85,-2.03,-3.90,-5.00,-5.62,-3.49,-3.91,-5.34,-7.29,-4.28,-3.64,-5.23,-7.15,-4.05,-4.70,-3.84,-4.84,-5.35,-6.18,-5.88,-7.09,-3.34,-3.76,-4.16,-4.87,-6.17,-3.04,-5.66,-3.52,-4.26,-5.97,-3.42,-5.58,-4.29,-4.14,-5.02,-4.75,-3.36,-5.61,-4.80,-3.51,-4.57,-4.72,-4.25,-3.10,-0.99,-3.16,-3.11,-5.03,-2.43,-3.31,-2.97,-2.62,-0.89,-2.37,-2.29,-2.39,-1.81,-2.90,1.74,-2.41,0.44,-3.03,-0.30,-2.94,1.52,-3.03,1.66,-3.54,1.92,-2.29,1.36,-3.10,2.64,-2.45,3.64,-2.95,3.52,-2.60,4.87,-2.72,5.58,-3.16,5.65,-1.83,6.38,-1.55,6.29,-0.69,7.14,-0.26,8.82,-2.00,7.81,-1.44,4.93,-0.78,4.19,-1.46,3.08,-0.21,2.15,-0.78,3.86,-0.36,5.18,0.83,6.31,-0.27,9.05,0.03,12.20,0.77,43.83,-0.08,13.93,0.89,10.13,0.99,7.05,-0.08,7.14,0.77,7.64,0.57,7.03,0.91,6.12,0.48,8.07,1.83,8.21,1.36,8.05,0.93,8.34,1.06,8.72,0.92,7.78,-0.15,7.62,0.19,7.03,0.03,7.86,0.14,7.17,0.51,6.21,0.02,6.52,-0.56,7.73,-0.38,6.43,0.17,5.78,-0.25,5.26,-0.17,5.73,0.55,5.43,-0.85,4.24,0.22,3.63,-0.61,4.73,-0.59,8.02,-0.62,9.31,-0.72,8.35,-1.21,8.02,-1.27,6.48,-0.68,8.40,-0.45,5.70,-1.47,3.30,-0.85
24,5782,44.28,32.70,12.71,13.04,12.82,13.19,12.94,13.34,13.05,13.49,13.16,13.64,13.28,13.79,13.39,13.94,13.50,14.09,13.61,14.24,13.73,14.39,13.84,14.54,13.95,14.70,14.07,14.85,14.18,15.00,14.29,15.15,14.30,15.10,14.31,15.04,14.32,14.99,14.33,14.94,14.35,14.89,14.36,14.84,14.37,14.78,14.38,14.73,14.39,14.68,14.40,14.63,13.86,14.09,13.32,13.56,12.77,13.02,12.23,12.48,11.69,11.95,11.15,11.41,10.61,10.88,9.98,10.46,9.35,10.04,8.72,9.62,8.10,9.20,7.47,8.78,6.84,8.36,6.21,7.94,5.31,6.40,4.42,4.86,3.52,3.32,2.62,1.79,1.72,0.25,1.42,0.86,1.12,1.47,0.82,2.08,0.53,2.69,0.23,3.30,1.11,3.84,2.00,4.38,2.89,4.92,3.77,5.47,3.98,5.56,4.19,5.66,4.40,5.75,4.61,5.85,2.57,4.17,0.53,2.49,-1.52,0.81,-1.55,0.67,-1.59,0.54,-1.63,0.40,0.35,1.45,2.34,2.49,4.32,3.54,4.81,3.42,5.29,3.30,2.68,0.31,0.07,-2.68,-2.54,-5.68,-3.13,-4.22,-3.72,-2.76,-2.87,-3.16,-2.02,-3.57,-0.11,0.58,1.80,4.72,1.32,3.26,0.84,1.80,-1.05,-0.56,-2.93,-2.93,-3.31,-0.85,-3.17,-0.95,-3.04,-1.04,-2.88,-2.52,-2.71,-4.00,-4.84,-8.92,-6.25,-7.27,-5.58,-5.66,-4.90,-4.05,-5.01,-5.19,-8.18,-3.76,-8.60,-3.05,-9.02,-2.35,-8.39,-2.68,-4.63,-4.31,-2.01,-6.30,-3.57,-6.06,-5.04,-5.86,-5.62,-4.69,-4.91,-2.72,-3.19,-4.49,-4.14,-5.55,-10.03,-5.67,-5.57,-3.89,-6.14,-3.55,-5.77,-5.48,-4.84,-7.07,-2.05,-4.99,-2.49,-2.22,-5.59,-4.73,-4.29,-4.80,-5.12,-4.78,-6.91,-5.66,-6.56,-5.27,-4.55,-3.58,-4.44,-2.99,-5.02,-5.75,-4.07,-5.88,-4.18,-7.68,-4.88,-5.72,-4.50,-9.61,-4.86,-8.32,-3.06,-4.31,-3.18,-4.16,-0.92,-2.97,-3.36,-4.75,-2.89,-2.58,-5.19,-3.96,-4.51,-4.21,-3.06,-2.68,-0.46,-3.54,-2.99,-3.73,-0.77,-2.73,-0.36,-5.01,-4.97,-4.10,-2.23,-3.40,-2.94,-5.37,-1.89,-4.06,-2.39,-3.21,-3.26,-2.49,-5.34,-3.87,-3.99,-5.89,-3.44,-6.30,-3.86,-4.49,-5.01,-7.26,-4.45,-5.03,-4.92,-5.99,-3.17,-5.72,-4.27,-5.77,-6.66,-3.26,-4.32,-5.03,-5.10,-4.40,-3.45,-3.69,-3.95,-2.29,-6.16,-3.82,-4.81,-3.87,-5.55,-4.77,-5.56,-2.68,-3.17,-4.28,-2.57,-5.04,-3.92,-4.47,-4.59,-4.21,-3.73,-4.61,-4.46,-3.88,-3.98,-3.59,-3.73,-3.78,-3.94,-4.05,-4.57,-3.23,-3.33,-3.75,-2.55,-3.47,-3.68,-2.83,-2.02,-2.97,-2.31,-4.17,-1.48,-4.42,-1.04,-3.15,-2.23,-4.77,-1.07,-1.82,-0.23,-1.73,1.09,-4.32,2.33,-3.25,3.58,-1.67,2.93,-3.52,1.68,-1.44,3.29,-2.13,4.04,-1.92,3.94,-2.50,4.35,-2.73,3.26,-2.32,6.47,-1.13,5.78,-1.80,6.14,-1.74,6.17,-0.86,8.24,-1.24,7.15,-1.29,5.14,-1.22,4.32,-1.55,2.67,-0.00,3.29,0.32,4.43,-1.14,5.82,-0.01,7.08,-0.03,8.10,-0.06,10.79,0.49,43.87,0.68,12.64,0.35,9.00,1.51,8.00,1.58,7.67,0.44,6.38,0.81,7.16,0.16,5.77,0.23,6.21,1.36,8.53,0.16,7.54,0.93,8.52,0.65,7.51,0.66,7.27,0.66,7.46,0.51,6.76,0.98,5.62,0.88,6.00,0.29,5.85,0.04,6.21,-1.32,7.42,0.29,6.61,-0.00,6.00,-0.75,6.27,-1.09,5.60,-0.03,5.06,-0.24,3.81,0.24,3.98,-0.50,4.77,-0.90,7.93,-1.22,8.85,-0.74,7.74,-1.39,7.77,-0.98,8.12,-1.43,8.29,-0.33,5.71,-1.22,3.17,-1.27
25,5792,38.79,34.85,12.39,13.78,12.73,14.08,13.08,14.39,13.42,14.69,13.77,15.00,14.11,15.31,14.46,15.61,14.80,15.92,15.15,16.22,15.49,16.53,15.84,16.84,16.18,17.14,16.52,17.45,16.87,17.75,17.21,18.06,17.47,18.16,17.73,18.25,17.99,18.35,18.25,18.44,18.51,18.54,18.77,18.64,19.03,18.73,19.29,18.83,19.55,18.93,19.81,19.02,19.29,18.10,18.78,17.17,18.26,16.24,17.75,15.32,17.24,14.39,16.72,13.46,16.21,12.54,15.27,12.32,14.33,12.11,13.38,11.89,12.44,11.68,11.50,11.46,10.56,11.25,9.62,11.03,8.65,9.83,7.67,8.63,6.70,7.44,5.73,6.24,4.75,5.04,3.01,3.99,1.26,2.94,-0.49,1.89,-2.23,0.84,-3.98,-0.21,-3.83,0.59,-3.68,1.39,-3.53,2.19,-3.38,2.99,-3.29,2.10,-3.21,1.22,-3.12,0.33,-3.03,-0.55,-3.50,-1.02,-3.97,-1.48,-4.43,-1.95,-4.09,-1.36,-3.74,-0.77,-3.40,-0.18,-0.66,1.62,2.08,3.43,4.82,5.23,5.05,5.19,5.28,5.15,2.95,2.50,0.62,-0.14,-1.72,-2.79,-2.01,-3.56,-2.30,-4.33,-1.32,-1.64,-0.34,1.05,1.45,3.28,3.24,5.51,1.98,3.65,0.71,1.80,-3.35,-1.18,-7.42,-4.15,-8.36,-2.44,-6.66,-2.56,-4.97,-2.68,-4.51,-2.03,-4.05,-1.38,-6.18,-7.08,-5.34,-1.02,-6.11,-1.47,-6.88,-1.93,-8.56,-2.21,-5.72,-1.64,-6.00,-3.75,-6.28,-5.87,-6.48,-7.39,-9.22,-5.62,-9.18,-4.89,-3.35,-2.50,-1.96,-2.25,-3.67,-1.86,-5.11,-4.40,-2.41,-3.13,-2.24,-5.06,-3.70,-5.02,-2.75,-4.22,-2.54,-3.26,-5.58,-7.47,-4.38,-6.78,-5.05,-3.62,-4.73,-3.10,-2.38,-4.27,-2.97,-4.39,-4.86,-5.40,-5.42,-5.12,-2.74,-6.04,-4.57,-4.22,-0.86,-4.72,-2.84,-1.94,-5.22,-3.86,-4.46,-7.77,-3.51,-3.20,-5.12,-6.27,-1.95,-3.21,-2.46,-5.37,-1.39,-3.32,-6.88,-2.82,-4.56,-4.18,-7.23,-4.29,-3.37,-5.40,-4.11,-6.97,-4.50,-5.54,-8.55,-7.63,-4.92,-6.03,-2.87,-3.27,-5.26,-3.70,-3.61,-4.90,-2.53,-4.50,-4.75,-5.36,-3.80,-3.74,-0.41,-1.41,-2.66,-3.04,-2.41,-5.46,-1.47,-5.27,-2.82,-4.69,-3.42,-2.77,-3.51,-5.97,-5.31,-5.13,-5.09,-3.68,-5.40,-4.45,-2.41,-6.15,-4.49,-5.70,-6.70,-6.00,-3.77,-6.54,-4.61,-5.42,-6.44,-3.09,-5.77,-4.98,-4.88,-5.14,-3.97,-2.66,-6.75,-5.23,-4.23,-5.38,-3.28,-5.67,-4.35,-4.63,-3.39,-3.92,-3.31,-3.09,-4.22,-3.17,-5.44,-4.06,-5.07,-2.64,-2.35,-4.31,-2.80,-2.76,-4.48,-2.64,-3.62,-2.76,-3.01,-3.75,-2.75,-1.63,-1.53,-4.20,-2.74,-3.98,-4.06,-2.89,-0.91,-1.39,-0.02,-4.08,1.40,-2.81,1.65,-3.72,2.46,-2.25,3.31,-2.67,1.90,-3.83,1.51,-2.29,2.99,-0.03,3.74,-1.37,5.45,-0.55,3.87,-2.01,4.74,-1.79,4.18,-1.68,7.22,-3.20,5.57,-0.72,7.11,-0.67,7.34,-1.06,7.25,-0.47,4.71,-0.93,4.62,-1.32,3.04,-1.05,3.76,-0.02,3.51,-0.06,5.88,-0.31,5.60,-0.16,9.45,0.09,10.78,0.95,36.34,-0.13,11.77,0.39,9.59,0.02,7.39,0.66,7.25,0.78,6.50,0.97,5.90,0.30,6.69,0.23,7.20,0.84,6.69,1.07,6.93,0.93,7.81,1.24,9.11,0.94,9.01,0.89,7.41,0.99,7.75,0.60,6.86,1.43,7.12,0.31,6.43,0.94,5.81,0.12,7.25,0.26,6.06,0.19,5.73,-0.41,5.70,-0.30,5.63,0.15,5.46,0.55,3.97,-0.11,3.44,-0.07,5.85,-0.67,7.56,-0.23,8.56,-0.76,8.07,-0.10,7.62,-1.50,7.74,-1.24,7.93,-0.39,6.22,-1.01,3.85,-0.90
26,5801,39.01,35.59,14.70,14.52,14.93,14.82,15.15,15.11,15.37,15.41,15.60,15.70,15.82,16.00,16.05,16.29,16.27,16.58,16.49,16.88,16.72,17.17,16.94,17.47,17.17,17.76,17.39,18.06,17.61,18.35,17.84,18.65,18.14,18.96,18.44,19.28,18.74,19.60,19.04,19.91,19.34,20.23,19.64,20.54,19.94,20.86,20.24,21.18,20.54,21.49,20.84,21.81,20.06,21.02,19.28,20.22,18.49,19.43,17.71,18.63,16.93,17.84,16.15,17.05,15.37,16.25,13.31,14.20,11.25,12.16,9.19,10.11,7.12,8.06,5.06,6.01,3.00,3.97,0.94,1.92,1.16,2.01,1.37,2.11,1.59,2.20,1.80,2.29,2.02,2.39,1.75,1.45,1.48,0.52,1.21,-0.42,0.94,-1.35,0.67,-2.29,0.92,-2.26,1.17,-2.23,1.42,-2.20,1.67,-2.17,0.72,-1.96,-0.24,-1.75,-1.19,-1.53,-2.14,-1.32,-2.68,-1.72,-3.22,-2.11,-3.75,-2.50,-2.03,-2.18,-0.31,-1.85,1.42,-1.52,3.01,0.98,4.60,3.48,6.19,5.97,6.65,6.52,7.12,7.06,4.93,5.11,2.74,3.16,0.55,1.21,-1.21,0.00,-2.97,-1.20,-4.20,-1.25,-5.43,-1.30,-1.41,1.59,2.62,4.49,1.59,3.15,0.56,1.81,-1.59,-0.32,-3.74,-2.46,-6.64,-2.87,-6.47,-3.31,-6.30,-3.75,-6.87,-4.62,-7.45,-5.50,-5.61,-5.46,-5.27,-2.85,-4.10,-3.80,-2.93,-4.75,-6.14,-5.23,-4.25,-2.79,-4.83,-3.95,-5.41,-5.11,-7.90,-2.91,-5.78,-1.12,-5.50,-3.70,-4.11,-6.05,-2.34,-6.41,-1.54,-6.46,-1.06,-3.62,-3.49,-3.08,-4.37,-3.32,-0.80,-0.33,-2.78,-3.33,-3.13,-2.78,-6.73,-1.57,-4.10,-5.28,-6.16,-1.48,-4.44,-3.21,-5.01,-5.58,-5.02,-4.61,-4.72,-5.57,-5.22,-6.43,-3.54,-5.25,-3.60,-5.19,-4.38,-7.72,-6.84,-6.12,-6.97,-2.22,-4.46,-2.98,-5.01,-3.51,-3.44,-3.81,-3.09,-3.30,-4.91,-1.16,-6.25,-2.58,-4.55,-5.99,1.03,-7.85,-1.58,-1.82,-4.61,-4.91,-3.96,-6.82,-1.93,-6.38,-2.31,-4.85,-0.98,-3.89,-4.61,-4.94,-2.85,-5.42,-5.55,-6.34,-4.79,-4.26,-5.15,-4.08,-5.15,-4.33,-4.07,-3.01,-4.12,-4.52,-5.61,-4.12,-3.20,-7.44,-3.20,-5.51,-3.55,-4.40,-5.04,-5.64,-3.80,-5.19,-7.86,-5.33,-5.13,-5.31,-4.08,-6.36,-1.74,-7.74,-4.17,-4.51,-7.36,-2.92,-3.38,-6.48,-4.94,-5.94,-5.80,-5.54,-5.03,-3.98,-3.48,-3.87,-2.16,-4.55,-4.65,-4.03,-3.52,-3.75,-5.06,-5.38,-5.08,-2.91,-5.71,-4.49,-6.21,-4.91,-3.44,-3.10,-3.57,-5.27,-2.85,-3.98,-3.93,-5.54,-2.92,-3.60,-1.75,-2.82,-1.40,-1.71,-1.30,-4.77,-3.05,-3.62,-1.19,-5.16,-2.03,-3.81,-1.00,-3.80,-0.20,-3.61,-0.30,-4.41,-0.26,-3.74,2.18,-2.78,2.38,-2.43,2.67,-3.67,2.06,-2.78,2.71,-3.59,4.80,-3.82,4.75,-1.90,5.18,-2.08,4.16,-1.63,5.98,-2.27,6.38,-1.57,5.67,-0.80,6.15,-0.96,9.91,-0.93,6.64,-0.99,4.77,-1.74,3.27,-1.34,2.73,-0.75,2.80,-1.41,3.87,0.18,5.32,0.39,6.37,-0.29,9.71,0.29,10.86,-1.27,36.45,1.03,12.33,-0.44,9.64,0.75,8.14,-0.43,8.34,0.36,7.20,1.18,6.07,1.01,6.59,0.31,6.14,-0.06,6.45,0.84,6.84,0.45,7.69,0.75,8.60,0.72,8.13,0.71,7.25,1.10,6.35,0.42,6.35,0.57,6.32,1.06,5.84,0.92,6.13,0.56,6.88,1.23,6.96,-0.32,4.95,-0.18,4.99,-0.25,5.77,-0.01,4.09,-0.70,3.69,0.46,3.39,-0.68,5.39,-0.80,7.89,-0.39,8.98,-1.12,8.03,-1.22,8.48,-0.35,7.43,-1.27,7.18,-0.75,5.81,-1.19,3.56,-0.80
27,5808,38.37,34.09,13.76,15.81,13.70,15.72,13.65,15.64,13.60,15.55,13.54,15.47,13.49,15.38,13.44,15.30,13.38,15.21,13.33,15.13,13.28,15.05,13.22,14.96,13.17,14.88,13.12,14.79,13.06,14.71,13.01,14.62,13.49,14.81,13.96,14.99,14.44,15.18,14.92,15.37,15.39,15.55,15.87,15.74,16.35,15.92,16.82,16.11,17.30,16.30,17.78,16.48,17.36,15.96,16.94,15.43,16.53,14.90,16.11,14.37,15.69,13.84,15.27,13.31,14.85,12.79,13.21,11.42,11.57,10.05,9.93,8.68,8.29,7.31,6.64,5.94,5.00,4.57,3.36,3.20,3.56,3.57,3.75,3.93,3.95,4.30,4.14,4.66,4.34,5.03,3.00,4.08,1.66,3.13,0.32,2.18,-1.01,1.23,-2.35,0.28,-2.09,0.10,-1.83,-0.08,-1.57,-0.25,-1.31,-0.43,-1.61,-0.10,-1.91,0.24,-2.20,0.57,-2.50,0.91,-3.45,0.11,-4.39,-0.68,-5.34,-1.48,-4.80,-1.34,-4.26,-1.20,-3.72,-1.05,-0.62,0.99,2.49,3.03,5.59,5.07,6.02,5.30,6.44,5.53,3.33,2.94,0.23,0.36,-2.88,-2.23,-3.89,-1.96,-4.90,-1.69,-3.48,-1.74,-2.06,-1.78,0.64,1.64,3.35,5.06,2.52,3.00,1.70,0.94,-0.95,-0.08,-3.60,-1.10,-4.95,-3.04,-5.38,-3.67,-5.82,-4.31,-4.18,-3.86,-2.55,-3.41,-4.66,-6.36,-3.92,-1.72,-6.52,-0.95,-9.12,-0.18,-3.80,-0.59,-1.06,-4.06,-2.46,-4.50,-3.86,-4.94,-4.54,-6.63,-2.56,-4.57,-0.73,-2.96,-3.02,-3.36,-6.92,-7.35,-7.90,-6.44,-6.36,-3.95,-3.36,-6.08,-2.18,-6.12,-3.69,-0.76,-3.47,-0.61,-3.09,-2.95,-2.57,-5.90,-2.40,-6.29,-2.90,-2.45,-4.35,-4.11,-10.22,-0.80,-6.88,-1.76,-2.87,-6.63,-1.33,-5.12,-4.52,-4.79,-1.58,-2.15,-6.43,-5.04,-3.03,-2.35,-5.52,-5.84,-6.96,-5.54,-4.46,-7.16,-4.19,-5.38,-3.09,-5.11,-3.79,-5.02,-1.62,-4.27,-4.25,-3.02,-2.71,-3.14,-2.67,-6.66,-2.42,-5.08,-2.23,-6.79,-2.04,-3.78,-2.42,-7.81,-2.09,-5.51,-5.37,-5.58,-3.75,-3.87,-1.49,-5.24,-0.69,-5.03,-5.25,-5.85,-0.13,-5.18,0.35,-3.03,-2.16,-3.87,-4.14,-5.35,-1.13,-3.35,-3.28,-2.96,-5.53,-2.87,-4.24,-4.43,-3.22,-5.21,-3.56,-4.48,-4.91,-4.01,-3.78,-5.38,-3.79,-3.07,-5.58,-4.35,-7.32,-6.71,-4.76,-4.22,-3.98,-2.63,-6.94,-5.01,-4.58,-4.83,-4.05,-4.41,-4.63,-4.94,-4.48,-5.11,-4.14,-7.02,-5.27,-5.34,-4.70,-4.14,-4.24,-4.75,-3.27,-4.52,-3.53,-5.39,-3.54,-4.25,-4.04,-4.23,-4.08,-3.62,-1.44,-3.51,-3.46,-2.35,-2.78,-4.26,-2.15,-3.16,-0.73,-2.72,-1.75,-3.70,-0.54,-4.71,-2.14,-3.41,-0.67,-3.97,1.27,-2.59,1.50,-2.23,2.39,-2.06,3.66,-2.83,3.03,-2.43,3.44,-3.12,3.58,-1.87,4.00,-2.53,4.38,-1.48,4.47,-1.48,4.68,-1.37,6.66,-2.60,5.64,-1.30,5.13,-0.83,4.73,-1.02,7.47,-1.37,7.30,-0.48,5.07,-1.82,2.94,-1.59,4.34,-0.81,2.09,-0.35,3.61,-0.06,4.95,0.34,8.40,1.40,9.16,-0.15,11.33,0.29,36.33,0.65,12.43,-0.25,10.01,-0.80,7.84,1.01,7.03,0.62,6.72,0.44,6.16,0.49,6.19,0.82,7.21,0.23,7.90,0.76,7.72,1.27,8.35,0.80,8.62,1.73,7.88,1.29,7.81,1.84,5.69,0.93,7.31,0.85,6.31,-0.16,6.29,-0.06,6.17,0.33,7.09,0.74,7.71,-0.29,5.81,-0.04,5.17,-0.46,6.43,-0.54,5.13,-0.09,3.77,0.25,3.25,-1.03,4.88,-0.97,8.28,-0.10,8.72,-1.03,8.31,-1.35,8.23,-0.95,7.76,-0.73,8.03,-0.93,6.31,-0.84,2.98,-0.63
28,5817,34.33,35.22,14.72,15.92,14.85,16.07,14.98,16.21,15.11,16.35,15.24,16.49,15.37,16.63,15.50,16.77,15.63,16.92,15.75,17.06,15.88,17.20,16.01,17.34,16.14,17.48,16.27,17.62,16.40,17.76,16.53,17.91,16.58,17.93,16.63,17.96,16.68,17.99,16.73,18.02,16.78,18.05,16.83,18.08,16.88,18.11,16.93,18.14,16.98,18.17,17.03,18.20,16.47,17.83,15.92,17.47,15.37,17.11,14.82,16.75,14.27,16.39,13.72,16.03,13.17,15.67,11.59,14.65,10.01,13.63,8.43,12.61,6.86,11.59,5.28,10.56,3.70,9.54,2.12,8.52,1.22,6.77,0.31,5.02,-0.60,3.27,-1.50,1.52,-2.41,-0.23,-2.11,-0.55,-1.81,-0.88,-1.51,-1.20,-1.22,-1.52,-0.92,-1.84,-0.59,-0.67,-0.27,0.50,0.05,1.67,0.38,2.85,0.27,2.82,0.15,2.78,0.04,2.75,-0.07,2.72,-0.82,1.69,-1.57,0.67,-2.32,-0.36,-2.47,-0.56,-2.62,-0.77,-2.76,-0.98,-0.06,0.96,2.64,2.90,5.34,4.84,5.80,5.01,6.25,5.18,3.88,1.91,1.51,-1.37,-0.86,-4.65,-3.64,-3.47,-6.42,-2.28,-4.19,-1.35,-1.96,-0.42,1.17,3.28,4.30,6.98,3.25,5.94,2.21,4.91,1.09,2.16,-0.04,-0.59,-2.31,-0.51,-1.79,0.28,-1.27,1.07,-1.41,-0.05,-1.56,-1.16,-5.51,-5.48,-6.00,-6.98,-4.80,-6.58,-3.60,-6.17,-5.54,-0.31,-5.24,0.33,-5.07,-1.21,-4.91,-2.75,-2.00,-2.91,1.73,-0.81,1.25,-0.30,-0.12,0.76,0.67,-2.51,4.91,3.38,3.13,1.64,5.59,2.63,9.43,7.24,8.33,6.49,4.12,3.85,3.09,2.60,1.46,2.65,-0.75,-1.06,2.19,1.29,8.31,6.80,9.50,7.53,10.80,9.33,14.53,12.14,12.88,10.34,6.98,5.05,2.33,1.53,-1.00,-1.15,1.26,-1.35,0.64,-1.42,1.72,-1.99,-2.37,-4.15,-5.60,-5.52,-3.80,-5.21,-1.84,-5.49,-3.12,-3.76,0.00,-1.06,-1.66,-2.79,-2.96,-3.14,-5.91,-4.73,-5.68,-6.16,-4.67,-5.54,-4.58,-3.56,-3.56,-4.07,-1.40,-5.05,-3.39,-6.28,-3.55,-3.74,-1.28,-5.28,-3.52,-5.41,-2.54,-4.17,-1.72,-4.35,-2.22,-3.16,-4.62,-4.10,-2.69,-5.47,-2.20,-4.07,-2.22,-4.54,-2.53,-3.55,-4.32,-3.73,-5.50,-4.92,-5.85,-4.78,-5.73,-2.99,-3.96,-5.04,-4.29,-5.58,-4.52,-5.21,-3.81,-3.80,-4.69,-6.58,-3.69,-3.27,-4.14,-3.53,-6.25,-3.39,-5.69,-2.33,-5.79,-5.49,-6.10,-4.07,-4.18,-5.00,-3.73,-5.46,-3.75,-6.04,-4.71,-4.47,-4.18,-5.21,-2.88,-4.55,-3.89,-4.53,-2.17,-4.71,-1.48,-3.63,-2.42,-2.32,-2.20,-4.02,-3.47,-4.37,-2.69,-3.91,-1.29,-6.35,0.21,-2.87,-0.75,-3.87,-0.16,-3.85,0.18,-2.82,1.14,-2.37,0.76,-2.14,3.52,-2.68,2.82,-1.67,3.87,-3.23,2.57,-2.34,3.27,-1.71,4.44,-1.70,4.86,-2.48,4.68,-1.60,3.66,-0.47,6.29,-1.98,5.10,-1.26,6.72,-0.19,7.80,-2.15,6.85,-1.07,4.34,-0.68,2.88,-0.49,3.36,0.08,3.68,-0.38,4.08,-0.96,5.78,0.31,7.48,-0.65,10.28,0.29,11.03,-0.40,13.37,-0.73,10.91,-0.83,9.43,0.78,8.75,0.49,7.01,1.37,7.25,1.54,5.76,0.21,6.54,0.54,7.39,0.82,7.23,0.13,8.02,1.36,8.47,0.70,8.62,1.12,8.18,1.01,7.83,0.64,7.17,-0.27,7.04,-0.27,6.67,0.75,6.78,0.42,6.79,-0.00,7.30,0.13,6.46,-0.20,6.05,0.44,5.32,-0.25,5.88,0.69,5.81,-0.31,3.69,-0.39,3.59,-0.03,5.89,-0.32,7.62,-0.15,8.49,-1.43,8.40,-1.00,7.86,-0.60,7.64,-1.16,8.41,-1.08,6.19,-0.66,3.77,-1.03
29,5824,34.33,34.74,10.14,10.86,10.82,11.56,11.50,12.26,12.17,12.96,12.85,13.66,13.53,14.36,14.21,15.06,14.88,15.76,15.56,16.46,16.24,17.16,16.92,17.85,17.59,18.55,18.27,19.25,18.95,19.95,19.62,20.65,19.63,20.61,19.63,20.57,19.63,20.52,19.63,20.48,19.63,20.44,19.63,20.39,19.63,20.35,19.63,20.31,19.63,20.27,19.63,20.22,18.09,18.90,16.55,17.58,15.01,16.26,13.47,14.93,11.92,13.61,10.38,12.29,8.84,10.97,7.40,9.80,5.96,8.63,4.52,7.46,3.08,6.29,1.64,5.13,0.19,3.96,-1.25,2.79,-1.43,2.28,-1.61,1.76,-1.80,1.25,-1.98,0.74,-2.16,0.22,-2.04,-1.00,-1.92,-2.23,-1.80,-3.45,-1.68,-4.68,-1.55,-5.90,-1.29,-4.70,-1.03,-3.49,-0.76,-2.28,-0.50,-1.08,-0.14,-1.39,0.22,-1.69,0.58,-2.00,0.94,-2.31,-0.25,-2.47,-1.44,-2.63,-2.63,-2.79,-2.01,-1.55,-1.40,-0.31,-0.79,0.93,1.93,3.42,4.65,5.92,7.36,8.41,7.61,7.87,7.85,7.32,5.18,3.50,2.51,-0.33,-0.16,-4.15,-1.96,-3.68,-3.77,-3.20,-1.91,-3.33,-0.06,-3.46,1.07,0.47,2.20,4.39,0.94,3.26,-0.31,2.12,-4.20,0.67,-8.08,-0.77,-6.39,-2.54,-4.54,-2.97,-2.69,-3.40,-3.61,-3.86,-4.52,-4.32,-3.72,-4.08,-2.48,-5.30,-3.13,-4.66,-3.78,-4.02,-5.62,-3.75,-4.62,-1.43,-5.09,-0.95,-5.57,-0.47,-6.32,-2.36,-5.07,-2.23,-2.55,-1.52,-1.83,-1.98,-1.18,-2.36,2.01,1.43,1.86,0.81,-0.50,-3.03,-2.51,-3.26,-1.14,-1.44,-2.16,-3.24,1.26,1.41,-0.17,0.19,3.00,1.20,2.28,-0.14,0.04,-0.81,-3.05,-1.99,-4.19,-5.70,-4.59,-6.15,-1.83,-3.26,-0.52,-2.94,-2.74,-2.89,-2.93,-3.24,-4.33,-2.77,-3.96,-4.59,-4.96,-7.23,-6.14,-6.45,-3.55,-4.41,-5.45,-6.22,-6.24,-6.04,-4.36,-3.46,-2.98,-6.72,-3.40,-6.17,-4.26,-3.81,-5.54,-2.03,-6.73,-3.12,-3.73,-1.68,-2.48,-4.89,-2.53,-4.36,-4.84,-4.74,-2.40,-3.11,-2.95,-4.79,-3.21,-5.26,-2.20,-6.91,-1.63,-4.16,0.30,-4.93,-4.29,-5.31,-2.82,-3.55,-3.62,-4.16,-2.73,-4.91,-4.56,-7.84,-4.41,-4.47,-3.40,-6.97,-3.71,-6.32,-4.81,-6.43,-2.80,-3.37,-2.79,-4.22,-3.53,-6.15,-2.97,-5.85,-4.15,-3.90,-6.00,-2.44,-4.04,-4.69,-6.15,-4.75,-4.36,-3.33,-3.94,-5.72,-4.43,-3.30,-2.07,-4.22,-6.14,-3.31,-6.39,-4.07,-4.73,-4.23,-2.40,-4.04,-3.78,-3.42,-2.73,-4.93,-3.06,-3.99,-4.96,-4.76,-4.07,-5.37,-3.31,-5.52,-3.23,-1.98,-2.22,-4.62,-3.28,-3.59,-1.21,-3.43,-0.60,-4.41,-2.32,-4.31,0.59,-2.55,0.37,-3.87,1.68,-4.14,1.67,-3.47,2.08,-2.96,2.89,-1.94,2.00,-2.88,3.36,-2.98,4.08,-3.56,4.36,-3.44,5.16,-2.49,5.91,-1.94,4.73,-1.83,6.19,-1.24,5.88,-0.51,7.48,-1.66,7.70,-1.51,7.95,-0.89,5.21,-1.02,3.20,-0.39,3.77,-1.16,2.98,-1.21,3.04,0.58,4.24,0.10,7.27,-0.30,9.67,0.26,10.06,-0.33,11.29,0.08,11.71,-0.67,9.45,1.16,9.02,0.86,7.80,0.45,5.51,0.96,6.98,1.23,6.19,1.04,6.81,0.19,7.57,0.46,7.46,1.34,7.67,1.42,7.41,0.28,8.18,0.48,7.46,1.01,6.56,0.60,6.93,0.23,5.81,0.05,6.65,0.53,6.69,0.69,7.43,-0.15,6.93,-0.49,5.71,0.28,5.20,-0.29,5.64,0.80,5.39,-0.24,4.40,-0.09,3.18,-0.29,4.59,-0.32,8.01,-0.85,8.55,-1.26,8.78,-1.55,7.74,-0.89,7.33,-0.81,7.96,-1.05,6.05,-1.01,3.47,-1.33
30,5833,33.84,34.70,12.26,13.26,12.46,13.43,12.66,13.59,12.86,13.75,13.06,13.91,13.25,14.07,13.45,14.23,13.65,14.39,13.85,14.55,14.05,14.71,14.24,14.87,14.44,15.03,14.64,15.19,14.84,15.35,15.04,15.51,15.22,15.83,15.40,16.15,15.58,16.47,15.76,16.79,15.94,17.11,16.12,17.43,16.31,17.76,16.49,18.08,16.67,18.40,16.85,18.72,16.52,18.52,16.19,18.32,15.87,18.11,15.54,17.91,15.21,17.71,14.88,17.51,14.56,17.31,13.30,15.77,12.05,14.23,10.79,12.69,9.54,11.14,8.29,9.60,7.03,8.06,5.78,6.52,4.83,5.02,3.87,3.51,2.92,2.01,1.97,0.51,1.02,-0.99,0.50,-1.26,-0.01,-1.52,-0.53,-1.79,-1.05,-2.05,-1.57,-2.31,-1.56,-2.17,-1.56,-2.03,-1.56,-1.89,-1.56,-1.75,-1.29,-1.53,-1.01,-1.30,-0.74,-1.08,-0.47,-0.86,-0.85,-1.67,-1.24,-2.48,-1.63,-3.29,-1.83,-1.60,-2.03,0.08,-2.23,1.76,0.57,3.39,3.36,5.03,6.16,6.66,6.35,6.47,6.54,6.28,4.09,4.19,1.64,2.11,-0.80,0.03,-1.75,-1.97,-2.69,-3.97,-1.35,-2.31,-0.01,-0.66,2.66,2.42,5.33,5.50,5.50,6.39,5.67,7.29,4.39,6.14,3.11,4.99,-3.15,-1.79,-3.69,-1.30,-4.24,-0.81,-3.94,-0.93,-3.65,-1.06,-3.54,-1.82,-4.48,-0.43,-6.98,-0.78,-9.47,-1.13,-9.01,-1.49,-1.22,-3.34,-0.16,-2.18,0.91,-1.01,-3.07,-4.36,-2.07,-3.79,-1.99,-5.56,-5.66,-5.54,-2.34,-2.92,0.28,-0.48,1.68,1.20,-0.51,-0.56,-1.67,-1.04,-0.91,-0.11,3.79,2.12,7.11,6.23,5.04,4.19,2.25,0.80,4.39,1.57,3.86,2.92,6.03,5.17,5.27,4.19,6.29,3.51,2.53,0.11,-0.37,-2.90,0.63,-2.77,9.75,6.09,8.36,5.37,2.27,0.21,-3.55,-8.61,-5.82,-5.50,-5.09,-3.17,-2.70,-1.84,-2.23,-2.49,-1.11,-4.79,-2.31,-5.90,-0.07,-6.36,-4.72,-4.39,-4.71,-3.14,-2.95,-3.65,-2.67,-3.97,-3.52,-4.25,-3.35,-6.03,-3.71,-4.11,-6.40,-3.27,-3.83,-4.65,-1.87,-6.62,-3.94,-6.59,-4.74,-8.17,-2.11,-5.99,-4.33,-3.54,-2.80,-6.91,-4.73,-6.86,-5.54,-5.35,-4.29,-3.47,-2.74,-6.00,-3.32,-7.55,-0.98,-5.26,-4.09,-6.53,-4.92,-5.22,-3.88,-3.77,-5.88,-5.54,-4.43,-5.35,-4.48,-3.49,-4.06,-4.93,-6.05,-4.46,-7.04,-4.53,-4.77,-4.01,-3.91,-6.14,-4.58,-4.35,-5.53,-4.53,-2.75,-3.24,-5.79,-3.60,-4.07,-4.62,-4.17,-2.14,-4.57,-4.60,-4.15,-5.23,-4.78,-4.04,-3.09,-5.72,-3.36,-3.86,-1.01,-4.46,-2.44,-3.27,-2.05,-4.06,-2.93,-4.28,-0.97,-3.86,-0.95,-3.70,-0.43,-2.52,-0.64,-3.51,0.72,-2.86,-1.23,-2.97,0.71,-2.98,1.52,-2.24,1.63,-1.99,1.65,-1.94,1.97,-2.36,5.09,-2.67,4.38,-3.41,4.88,-1.68,5.13,-1.28,5.16,-1.92,6.30,-2.00,5.68,-0.43,6.94,-2.32,9.23,-1.74,7.02,-1.27,4.82,-0.20,3.61,-0.55,3.20,-1.09,3.30,0.46,3.02,0.22,3.89,-0.15,7.21,0.21,8.51,0.09,10.92,-0.29,11.44,0.42,10.34,0.92,8.86,0.72,7.48,0.66,7.73,0.51,6.66,0.47,5.64,0.86,5.55,0.51,6.92,1.02,6.97,0.13,7.22,0.64,8.00,1.41,8.42,1.37,7.39,1.32,7.61,0.68,7.23,0.30,7.45,0.29,7.10,0.15,6.36,0.07,6.80,0.47,6.70,0.23,6.64,-0.29,6.28,-0.29,5.38,-0.30,5.69,-0.16,5.40,-0.32,3.47,-1.15,3.84,-0.99,5.19,0.01,8.14,-0.50,8.83,-1.33,8.56,-0.94,7.53,-1.39,7.42,-0.40,7.31,-0.90,6.95,-1.31,3.84,-1.56
31,5851,37.56,38.08,15.86,17.57,16.21,17.87,16.57,18.17,16.92,18.48,17.27,18.78,17.63,19.08,17.98,19.39,18.33,19.69,18.69,19.99,19.04,20.30,19.39,20.60,19.75,20.90,20.10,21.21,20.46,21.51,20.81,21.81,20.92,21.86,21.02,21.90,21.13,21.94,21.23,21.99,21.34,22.03,21.45,22.07,21.55,22.12,21.66,22.16,21.76,22.20,21.87,22.25,21.10,21.14,20.33,20.03,19.56,18.92,18.79,17.81,18.02,16.70,17.25,15.59,16.48,14.48,15.17,13.00,13.86,11.52,12.55,10.04,11.24,8.56,9.93,7.08,8.63,5.61,7.32,4.13,5.75,3.71,4.18,3.30,2.61,2.88,1.04,2.46,-0.52,2.05,-1.22,1.05,-1.92,0.05,-2.61,-0.95,-3.31,-1.95,-4.01,-2.94,-3.03,-2.98,-2.05,-3.02,-1.07,-3.06,-0.09,-3.10,-0.08,-3.07,-0.07,-3.05,-0.06,-3.02,-0.06,-3.00,-1.22,-2.59,-2.38,-2.19,-3.54,-1.78,-1.95,-0.06,-0.35,1.66,1.25,3.38,3.43,4.81,5.61,6.24,7.79,7.66,7.87,7.24,7.95,6.82,4.94,4.23,1.93,1.64,-1.09,-0.95,-1.70,-2.09,-2.32,-3.24,-2.46,-2.43,-2.60,-1.62,-0.19,1.93,2.23,5.48,-0.03,3.96,-2.29,2.45,-3.77,-0.09,-5.24,-2.62,-8.89,-1.56,-7.77,-2.07,-6.64,-2.58,-6.78,-2.19,-6.92,-1.80,-6.84,-4.45,-5.11,-3.92,-4.39,-4.29,-3.67,-4.67,-5.32,-7.07,-6.13,-5.25,-6.38,-5.27,-6.63,-5.28,-7.22,-7.36,-6.30,-9.66,-5.11,-5.99,-7.33,-4.73,-8.29,-3.65,-5.61,-3.34,-5.22,-2.69,-4.97,-5.01,-3.67,-7.63,-4.11,-8.19,-5.50,-4.73,-2.56,-1.88,-4.80,-2.55,-5.19,-2.30,-5.87,-3.01,-5.64,-4.88,-3.75,-4.58,-5.06,-6.62,-6.68,-8.99,-5.65,-5.68,-2.06,-6.43,-3.74,-6.79,-5.15,-5.84,-3.78,-7.03,-4.46,-7.89,-4.44,-7.42,-3.76,-6.20,-2.10,-7.84,-3.59,-5.83,-4.65,-4.94,-5.35,-6.72,-2.84,-3.71,-2.62,-6.24,-3.19,-3.42,-4.91,-3.90,-3.10,-6.19,-2.17,-5.36,-1.89,-3.10,-1.39,-6.07,-2.59,-7.07,-1.39,-4.25,-4.89,-3.77,-0.64,-4.04,-0.72,-3.63,-1.15,-4.13,-0.22,-2.01,-3.94,-5.49,-3.31,-6.40,-4.56,-5.68,-0.81,-5.47,-2.62,-5.96,-3.29,-4.49,-3.86,-6.93,-2.95,-3.37,-5.22,-7.67,-3.82,-3.72,-4.40,-4.75,-4.45,-4.43,-4.96,-5.20,-5.41,-5.50,-5.63,-2.87,-5.30,-4.77,-4.66,-4.81,-4.80,-3.90,-5.31,-4.97,-3.42,-4.97,-5.65,-4.12,-5.45,-2.58,-4.22,-4.01,-5.26,-4.15,-3.69,-3.55,-3.40,-4.49,-1.89,-4.01,-4.94,-5.52,-4.77,-5.01,-2.46,-3.14,-2.11,-2.50,-3.06,-2.68,-2.30,-2.66,-3.73,-3.30,-2.02,-3.96,-2.09,-3.25,-1.65,-4.55,0.59,-2.55,1.26,-3.49,1.04,-3.47,1.44,-3.38,1.97,-0.72,2.70,-3.00,2.43,-1.58,2.65,-2.26,4.30,-2.59,3.48,-2.58,4.31,-1.04,4.82,-2.22,4.19,-1.88,6.97,-2.02,5.95,-1.73,5.50,-2.97,7.06,-0.98,7.25,-1.16,5.34,-0.96,3.16,-1.12,2.84,0.10,2.58,-0.91,3.87,-0.40,5.95,0.51,7.24,0.11,9.32,-0.60,11.74,-0.18,11.23,-0.45,10.29,0.00,9.40,0.14,8.35,0.10,7.43,-0.75,6.14,0.94,6.60,0.46,6.39,0.74,7.12,0.85,7.13,1.44,6.75,0.73,7.51,0.91,7.41,0.71,7.47,1.70,7.68,0.77,6.90,0.48,6.99,0.83,6.11,0.72,6.60,-0.36,6.15,0.05,6.37,-0.99,5.81,-0.42,6.09,-0.10,4.07,-0.17,5.64,0.15,4.87,0.11,3.62,-0.41,2.94,-0.02,5.52,-0.64,7.92,-0.55,8.55,-0.72,8.62,-1.39,7.51,-1.61,7.39,-0.88,8.67,-0.77,5.89,-0.62,3.62,-1.19
32,5858,33.03,33.61,11.10,12.49,11.49,12.83,11.87,13.18,12.26,13.52,12.64,13.86,13.03,14.20,13.41,14.54,13.80,14.88,14.18,15.22,14.57,15.57,14.96,15.91,15.34,16.25,15.73,16.59,16.11,16.93,16.50,17.27,16.64,17.46,16.78,17.65,16.92,17.85,17.06,18.04,17.20,18.23,17.34,18.42,17.48,18.61,17.62,18.80,17.76,18.99,17.91,19.18,17.15,18.46,16.39,17.74,15.63,17.02,14.87,16.30,14.11,15.58,13.35,14.86,12.59,14.14,11.63,12.22,10.67,10.29,9.71,8.37,8.75,6.45,7.79,4.52,6.83,2.60,5.87,0.68,4.69,0.67,3.52,0.66,2.35,0.65,1.18,0.64,0.01,0.63,-0.27,0.04,-0.56,-0.55,-0.84,-1.14,-1.12,-1.72,-1.41,-2.31,-1.20,-1.78,-0.98,-1.24,-0.77,-0.71,-0.56,-0.17,-0.31,0.52,-0.06,1.21,0.19,1.91,0.44,2.60,-0.19,1.46,-0.82,0.32,-1.45,-0.82,-2.66,-0.69,-3.87,-0.56,-5.09,-0.43,-1.51,1.62,2.07,3.67,5.64,5.71,6.85,6.12,8.06,6.52,5.96,3.72,3.85,0.92,1.74,-1.88,-0.45,-2.54,-2.65,-3.21,-3.09,-1.81,-3.53,-0.42,-1.15,2.48,1.24,5.38,-0.96,3.66,-3.16,1.94,-5.85,-1.31,-8.54,-4.56,-12.56,-3.32,-9.70,-2.73,-6.84,-2.13,-5.70,-2.58,-4.55,-3.03,-3.44,-6.48,-3.91,-5.83,-3.49,-5.28,-3.08,-4.74,-4.53,-5.42,-6.23,-5.81,-6.17,-5.37,-6.11,-4.92,-5.88,-5.97,-5.99,-9.53,-5.77,-5.24,-3.46,-6.09,-5.56,-6.59,-6.60,-5.93,-6.25,-5.55,-8.75,-6.02,-6.84,-5.31,-7.99,-4.72,-3.40,-1.28,-0.91,-2.90,-7.81,-1.62,-10.22,-2.74,-6.39,-3.28,-3.62,-3.99,-2.90,-4.99,-4.59,-6.63,-7.28,-7.37,-6.08,-5.19,-2.36,-3.23,-4.13,-1.50,-4.67,-4.99,-2.09,-5.67,-5.76,-5.73,-9.81,-10.35,-4.66,-3.87,-5.18,-3.68,-5.24,-1.61,-5.35,-2.60,-1.96,-2.99,-4.01,-4.57,-1.61,-3.58,-3.84,-6.38,-5.34,-6.79,-1.24,-8.00,-1.28,-6.08,-2.52,-5.80,-4.00,-5.65,-1.35,-2.78,-3.57,-4.63,-3.66,-4.55,-4.52,-3.99,-4.29,-6.22,-3.12,-5.33,0.23,-4.03,-0.94,-3.73,-2.48,-4.47,-3.04,-4.99,-3.83,-6.04,-2.79,-5.12,-3.79,-6.16,-6.37,-3.27,-4.06,-5.30,-6.42,-5.51,-5.03,-3.36,-4.17,-4.62,-2.32,-5.36,-3.93,-2.91,-4.76,-4.52,-3.64,-3.46,-5.20,-4.33,-5.30,-5.02,-4.73,-2.65,-5.07,-4.62,-5.84,-4.14,-5.79,-3.68,-4.03,-4.20,-4.44,-4.39,-3.61,-4.37,-3.01,-4.73,-5.07,-4.70,-4.85,-3.42,-5.45,-4.63,-3.38,-3.72,-3.93,-2.69,-4.24,-4.59,-2.57,-3.23,-2.48,-4.42,-3.08,-3.22,-2.30,-2.84,-3.12,-3.06,-2.47,-4.40,-0.25,-3.28,-0.21,-2.24,1.66,-2.83,0.91,-2.30,2.00,-3.03,1.95,-3.88,2.21,-2.63,3.21,-2.38,4.88,-1.85,4.80,-1.53,5.64,-1.99,5.87,-2.12,6.59,-2.30,7.30,-1.42,5.82,-0.44,6.27,-0.83,7.72,-0.78,6.69,-0.11,5.17,-1.14,2.99,-1.08,2.22,-0.42,3.96,-0.06,4.53,-1.08,5.33,0.38,5.98,0.35,8.48,-0.59,11.66,-0.04,11.12,0.05,11.50,0.40,8.92,-0.36,8.12,1.38,6.82,1.46,6.19,1.79,5.83,1.21,6.48,0.33,7.12,1.95,6.86,1.34,7.53,1.60,8.12,0.94,8.06,0.43,7.68,0.91,7.65,0.99,7.77,0.47,7.49,0.17,7.39,1.02,6.60,0.71,6.21,0.24,7.21,0.09,6.91,0.14,6.12,-0.45,5.59,-0.20,5.35,-0.08,5.23,-0.10,4.06,-0.78,3.44,-0.69,5.31,0.05,8.00,-0.72,8.78,-0.48,8.44,-1.04,7.16,-0.78,6.65,-1.09,8.19,-0.32,5.42,-1.64,3.50,-1.12
33,5865,36.60,36.26,14.84,15.85,15.20,16.16,15.56,16.47,15.92,16.78,16.28,17.08,16.65,17.39,17.01,17.70,17.37,18.00,17.73,18.31,18.10,18.62,18.46,18.93,18.82,19.23,19.18,19.54,19.55,19.85,19.91,20.15,20.19,20.33,20.47,20.51,20.76,20.69,21.04,20.87,21.32,21.05,21.61,21.23,21.89,21.40,22.17,21.58,22.46,21.76,22.74,21.94,21.95,21.05,21.16,20.16,20.37,19.27,19.58,18.38,18.78,17.49,17.99,16.60,17.20,15.71,15.50,13.88,13.79,12.05,12.09,10.22,10.39,8.39,8.68,6.56,6.98,4.72,5.28,2.89,4.27,2.29,3.26,1.69,2.25,1.09,1.24,0.49,0.23,-0.11,-0.48,-0.42,-1.20,-0.72,-1.91,-1.03,-2.63,-1.33,-3.34,-1.64,-3.55,-2.01,-3.76,-2.37,-3.97,-2.74,-4.18,-3.11,-3.51,-3.24,-2.84,-3.37,-2.17,-3.50,-1.50,-3.63,-2.62,-3.21,-3.74,-2.80,-4.87,-2.39,-4.08,-1.13,-3.30,0.12,-2.52,1.37,-0.27,2.75,1.98,4.12,4.23,5.50,4.67,4.63,5.10,3.75,3.96,2.52,2.83,1.29,1.69,0.05,0.31,-0.97,-1.07,-1.99,-1.71,-1.10,-2.34,-0.20,-0.13,2.08,2.08,4.36,0.72,2.74,-0.63,1.11,-4.29,-3.04,-7.94,-7.20,-1.80,-2.08,-1.78,-2.70,-1.75,-3.32,-2.30,-2.88,-2.85,-2.44,-3.72,-0.87,-3.50,-6.94,-4.10,-5.41,-4.69,-3.88,-5.58,-1.31,-6.80,-2.31,-6.76,-2.37,-6.73,-2.42,-2.58,0.39,-1.43,-1.39,-4.09,-4.99,-8.06,-5.87,-8.89,-6.71,-6.51,-8.72,-6.42,-7.66,-6.11,-4.84,-4.61,-6.14,-5.23,-6.78,-5.57,-5.17,-2.14,-6.16,-5.01,-5.93,-7.51,-5.05,-5.86,-5.85,-3.45,-3.91,-4.11,-4.91,-6.87,-6.86,-5.82,-3.39,-4.25,-5.03,-3.78,-3.10,-2.98,-3.65,-5.71,-3.58,-3.57,-6.11,-6.05,-4.89,-6.90,-3.45,-7.03,-6.00,-5.10,-4.44,-5.60,-6.72,-5.97,-5.76,-5.16,-4.11,-2.51,-5.39,-1.60,-3.64,-2.81,-4.65,-4.76,-3.54,-1.16,-3.78,-1.41,-6.39,-0.94,-5.61,0.98,-4.42,-4.22,-0.19,-4.25,-6.06,-1.97,-5.41,-3.67,-2.90,-2.49,-6.59,-2.83,-5.56,-1.18,-6.54,-3.29,-5.27,-5.28,-3.81,-5.81,-4.81,-4.62,-4.70,-2.79,-4.87,-4.16,-4.89,-4.87,-4.60,-3.57,-6.02,-4.57,-7.29,-3.70,-3.03,-3.86,-5.18,-3.61,-4.51,-3.88,-4.06,-5.01,-4.68,-3.70,-2.67,-3.24,-6.49,-3.96,-6.76,-4.37,-4.65,-5.75,-4.10,-4.85,-3.42,-3.69,-5.42,-4.94,-4.74,-4.74,-3.46,-4.83,-4.01,-4.40,-3.38,-4.71,-4.44,-3.04,-5.03,-3.81,-4.10,-3.97,-4.80,-3.19,-3.99,-3.15,-4.09,-2.88,-5.14,-4.14,-2.65,-2.42,-4.07,-2.19,-2.26,-1.08,-2.61,0.11,-4.34,0.28,-1.50,0.00,-4.24,1.68,-3.20,4.10,-3.60,2.45,-2.82,3.31,-2.55,2.09,-2.70,3.01,-3.76,2.61,-1.80,4.22,-2.92,6.29,-0.61,5.22,-2.29,7.11,-1.83,6.35,-1.76,7.03,-1.12,7.00,-0.88,6.85,-3.17,7.15,-0.37,4.42,-0.38,2.83,-1.17,2.99,0.28,3.79,-0.25,3.48,-0.64,4.22,-0.63,6.15,-0.13,9.15,0.70,10.13,-0.20,11.99,0.25,11.72,-0.34,8.75,0.10,7.47,0.09,6.78,-0.29,7.57,0.49,6.68,1.41,7.00,1.55,6.98,1.82,8.41,0.69,6.54,1.01,7.94,1.51,8.84,1.27,7.64,0.83,7.40,1.22,6.64,1.30,6.61,1.29,5.73,0.91,5.90,0.78,6.46,0.04,6.51,-1.18,6.28,-0.79,5.73,-0.58,5.42,-0.51,5.07,-0.08,5.44,0.01,3.85,0.37,3.53,-0.49,5.70,-0.87,8.16,-0.23,8.67,-0.43,8.52,-1.06,7.52,-1.03,7.38,-1.26,8.64,0.22,5.54,-0.90,3.69,-1.02
